;------------------------------------------------------------
;	顔絵
;------------------------------------------------------------
;・ファイルネームはキャラIDに合わせる
;・デフォ設定 width180 height180
;サイズ変える場合は全てリサイズしないとズレます
;フォントの10倍以上で揃える
;縮小には耐えられますが拡大はやめたほうがいいかと

;・キャラ毎に1枚画像ファイルに収める
;服装違いをｙ軸、表情差分をｘ軸に増設
;・リソース定義規則
;顔絵の種類(ファイル名違い)_服装(Yの段落振り)_表情(Xの段落振り)_キャラID_差分
;種類	立ち絵、顔絵
;服装	体形、服、裸、特殊服装
;表情	通常、笑顔、怒り、オナニー、愛撫、性交
;エフェクト 照れ、吐息、汗
;差分   エフェクトを共有しない画像

;リソース名,元ファイル名,x,y,width,height
;デフォルトネーム
;顔絵_服_通常_17,17_顔.webp,0,0,180,180

;_裸
;ないキャラは服の座標で代用
;既に定義されているので、追加したら座標だけ変える
;顔絵_裸_通常_17,17_顔.webp,0,180,180,180

;表情
;顔絵_服_笑顔_17,17_顔.webp,180,0,180,180
;顔絵_服_怒り_17,17_顔.webp,360,0,180,180
;顔絵_裸_笑顔_17,17_顔.webp,180,180,180,180
;顔絵_裸_怒り_17,17_顔.webp,360,180,180,180
;顔絵_裸_オナニー_17,17_顔.webp,720,180,180,180
;顔絵_裸_愛撫_17,17_顔.webp,0,360,180,180
;顔絵_裸_性交_17,17_顔.webp,180,360,180,180

;エフェクト 上から重ねて表示されます
;顔絵_照れ_17,17_顔.webp,540,0,180,180
;顔絵_吐息_17,17_顔.webp,360,360,180,180
;顔絵_汗_17,17_顔.webp,540,360,180,180

;差分は裸やエフェクトを共有しない画像に使用
;共有する場合は特殊服装を使用する

;------------------------------------------------------------

;------------------------------------------------------------
;0 MC-Kun
;custom code
;------------------------------------------------------------
;clothed

;neutral
;顔絵_服_通常_0,0_Face.webp,0,0,180,180
;happy
;顔絵_服_笑顔_0,0_Face.webp,180,0,180,180
;sullen
;顔絵_服_怒り_0,0_Face.webp,360,0,180,180

;nude
;neutral
;顔絵_裸_通常_0,0_Face.webp,0,180,180,180
;happy
;顔絵_裸_笑顔_0,0_Face.webp,180,180,180,180
;sullen
;顔絵_裸_怒り_0,0_Face.webp,360,180,180,180
;in heat
;顔絵_裸_発情_0,0_Face.webp,900,180,180,180
;masturb
;顔絵_裸_オナニー_0,0_Face.webp,720,180,180,180

;effects
;blush
;顔絵_照れ_0,0_Face.webp,540,0,180,180
;breathing
;顔絵_吐息_0,0_Face.webp,360,360,180,180
;sweat
;顔絵_汗_0,0_Face.webp,540,360,180,180


;STANDING
;clothed
;立ち絵_服_通常_0,0.webp,0,0,180,180
;立ち絵_服_笑顔_0,0.webp,180,0,180,180
;立ち絵_服_怒り_0,0.webp,360,0,180,180
;nude
;立ち絵_裸_通常_0,0.webp,0,180,180,180
;立ち絵_裸_笑顔_0,0.webp,180,180,180,180
;立ち絵_裸_怒り_0,0.webp,360,180,180,180


image_female,image_female.png,0,0,180,180
image_male,image_male.png,0,0,180,180
