count	file
13365	ERB/口上・メッセージ関連/個人口上/042 Hatate [はたて]/はたて/M_KOJO_K42_日常系コマンド.ERB
11973	ERB/口上・メッセージ関連/個人口上/139 Tsukasa [典]/典/M_KOJO_K139_日常系コマンド.ERB
6363	ERB/口上・メッセージ関連/個人口上/042 Hatate [はたて]/はたて/M_KOJO_K42_イベント.ERB
5991	ERB/口上・メッセージ関連/個人口上/109 Doremy [ドレミー]/ドレミー/M_KOJO_K109_日常系コマンド.ERB
5718	ERB/口上・メッセージ関連/個人口上/139 Tsukasa [典]/典/M_KOJO_K139_イベント.ERB
4293	ERB/口上・メッセージ関連/個人口上/072 Eirin [永琳]/永琳/M_KOJO_K72_日常系コマンド.ERB
4022	ERB/口上・メッセージ関連/個人口上/070 Kosuzu [小鈴]/Kosuzu JP/M_KOJO_K70_02_日常系コマンド.ERB
3450	ERB/口上・メッセージ関連/個人口上/093 Wakasagihime [わかさぎ姫]/ENWaggy/M_KOJO_K93_everyday_commmands.ERB
3432	ERB/口上・メッセージ関連/個人口上/120 Aunn [あうん]/賑やかしあうん【120】/M_KOJO_K120_日常系コマンド.ERB
3424	ERB/口上・メッセージ関連/個人口上/030 Eiki [映姫]/映姫様/M_KOJO_K30_日常系コマンド.ERB
3323	ERB/口上・メッセージ関連/個人口上/040 Kogasa [小傘]/小傘/M_KOJO_K40_絶頂.ERB
3296	ERB/口上・メッセージ関連/個人口上/072 Eirin [永琳]/永琳/M_KOJO_K72_イベント.ERB
3239	ERB/口上・メッセージ関連/個人口上/139 Tsukasa [典]/典/M_KOJO_K139_絶頂.ERB
3211	ERB/口上・メッセージ関連/個人口上/143 Yuuma [尤魔]/尤魔/M_KOJO_K143_日常系コマンド.ERB
3117	ERB/口上・メッセージ関連/個人口上/018 Lily W [リリーＷ]/リリーＷ口上测试版v1.01/M_KOJO_K18_コマンド.ERB
3029	ERB/TRANSLATION/Addition/Lunatic Survival/Scarlet/Lunatic Survival Scarlet.ERB
2919	ERB/TRANSLATION/TR_REPLACEMENT.ERB
2875	ERB/口上・メッセージ関連/個人口上/139 Tsukasa [典]/典/M_KOJO_K139_愛撫系コマンド.ERB
2848	ERB/口上・メッセージ関連/個人口上/042 Hatate [はたて]/はたて/M_KOJO_K42_性交系コマンド.ERB
2823	ERB/口上・メッセージ関連/個人口上/109 Doremy [ドレミー]/ドレミー/M_KOJO_K109_イベント.ERB
2821	ERB/口上・メッセージ関連/個人口上/072 Eirin [永琳]/永琳/M_KOJO_K72_セクハラコマンド.ERB
2578	ERB/口上・メッセージ関連/個人口上/060 Parsee [パルスィ]/Parsee/M_KOJO_K60_日常系コマンド.ERB
2495	ERB/口上・メッセージ関連/個人口上/076 Komachi [小町]/小町/M_KOJO_K76_性交系コマンド.ERB
2440	ERB/口上・メッセージ関連/個人口上/139 Tsukasa [典]/典/M_KOJO_K139_典特殊イベント.ERB
2419	ERB/口上・メッセージ関連/個人口上/093 Wakasagihime [わかさぎ姫]/わかさぎ姫/M_KOJO_K93_イベント.ERB
2380	ERB/口上・メッセージ関連/個人口上/039 Nazrin [ナズーリン]/ひねくれナズー口上/M_KOJO_K39_日常系コマンド.ERB
2375	ERB/口上・メッセージ関連/個人口上/093 Wakasagihime [わかさぎ姫]/わかさぎ姫/M_KOJO_K93_日常系コマンド.ERB
2352	ERB/口上・メッセージ関連/個人口上/105 Mai (PC-98) [マイ]/マイ/M_KOJO_K105_日常系コマンド.ERB
2345	ERB/口上・メッセージ関連/個人口上/139 Tsukasa [典]/典/M_KOJO_K139_奉仕系コマンド.ERB
2318	ERB/口上・メッセージ関連/個人口上/038 Koishi [こいし]/Koishi_strmesko/M_KOJO_K38_1_イベント.ERB
2289	ERB/口上・メッセージ関連/個人口上/143 Yuuma [尤魔]/尤魔/M_KOJO_K143_イベント.ERB
2254	ERB/口上・メッセージ関連/個人口上/100 Rei'sen [レイセン]/レイセン/M_KOJO_K100_日常系コマンド.ERB
2225	ERB/口上・メッセージ関連/個人口上/139 Tsukasa [典]/典/M_KOJO_K139_性交系コマンド.ERB
2186	ERB/TRANSLATION/OMOGATARI/PlayersLand/MAP_19.ERB
2170	ERB/口上・メッセージ関連/個人口上/049 Satori [さとり]/さとり/M_KOJO_K49_イベント.ERB
2170	ERB/口上・メッセージ関連/個人口上/111 Clownpiece [クラウンピース]/クラウンピース/M_KOJO_K111_日常系コマンド.ERB
2165	ERB/口上・メッセージ関連/個人口上/139 Tsukasa [典]/典/M_KOJO_K139_セクハラコマンド.ERB
2109	ERB/口上・メッセージ関連/個人口上/042 Hatate [はたて]/はたて/M_KOJO_K42_セクハラコマンド.ERB
2103	ERB/口上・メッセージ関連/個人口上/093 Wakasagihime [わかさぎ姫]/ENWaggy/M_KOJO_K93_events.ERB
2008	ERB/口上・メッセージ関連/個人口上/023 Youmu [妖夢]/妖夢別人改変版/M_KOJO_K23_1_日常系コマンド.ERB
1983	ERB/口上・メッセージ関連/個人口上/099 Toyohime [豊姫]/豊姫/M_KOJO_K99_日常系コマンド.ERB
1925	ERB/口上・メッセージ関連/個人口上/042 Hatate [はたて]/はたて/Lib/M_KOJO_K42_はたて特殊イベント.ERB
1893	ERB/口上・メッセージ関連/個人口上/060 Parsee [パルスィ]/Parsee/M_KOJO_K60_イベント.ERB
1887	ERB/口上・メッセージ関連/個人口上/143 Yuuma [尤魔]/尤魔/M_KOJO_K143_尤魔性処理.ERB
1876	ERB/口上・メッセージ関連/個人口上/039 Nazrin [ナズーリン]/ひねくれナズー口上/M_KOJO_K39_性交系コマンド.ERB
1851	ERB/口上・メッセージ関連/個人口上/097 Seija [正邪]/正邪/M_KOJO_K97_イベント.ERB
1833	ERB/口上・メッセージ関連/個人口上/042 Hatate [はたて]/はたて/M_KOJO_K42_奉仕系コマンド.ERB
1808	ERB/口上・メッセージ関連/個人口上/038 Koishi [こいし]/Koishi_strmesko/M_KOJO_K38_1_日常系コマンド.ERB
1799	ERB/口上・メッセージ関連/個人口上/076 Komachi [小町]/小町/M_KOJO_K76_日常系コマンド.ERB
1793	ERB/口上・メッセージ関連/個人口上/139 Tsukasa [典]/典/M_KOJO_K139_育児イベント.ERB
1775	ERB/口上・メッセージ関連/個人口上/042 Hatate [はたて]/はたて/M_KOJO_K42_愛撫系コマンド.ERB
1761	ERB/口上・メッセージ関連/個人口上/040 Kogasa [小傘]/小傘/M_KOJO_K40_日常系コマンド.ERB
1735	ERB/口上・メッセージ関連/個人口上/011 Marisa [魔理沙]/eraTW用霧雨魔理沙口上ver,0.03/M_KOJO_K11_日常系コマンド.ERB
1731	ERB/口上・メッセージ関連/個人口上/101 Tokiko [朱鷺子]/朱鷺子/M_KOJO_K101_日常系コマンド.ERB
1726	ERB/口上・メッセージ関連/個人口上/058 Meiling [美鈴]/美鈴/M_KOJO_K58_イベント.ERB
1714	ERB/口上・メッセージ関連/個人口上/070 Kosuzu [小鈴]/小鈴/M_KOJO_K70_02_日常系コマンド.ERB
1687	ERB/口上・メッセージ関連/個人口上/101 Tokiko [朱鷺子]/朱鷺子/M_KOJO_K101_性交系コマンド.ERB
1653	ERB/口上・メッセージ関連/個人口上/097 Seija [正邪]/正邪/M_KOJO_K97_日常系コマンド.ERB
1629	ERB/口上・メッセージ関連/個人口上/039 Nazrin [ナズーリン]/ひねくれナズー口上/M_KOJO_K39_イベント.ERB
1618	ERB/口上・メッセージ関連/個人口上/005 Sunny [サニー]/サニーミルク/M_KOJO_K5_イベント.ERB
1617	ERB/口上・メッセージ関連/個人口上/040 Kogasa [小傘]/小傘/M_KOJO_K40_性交系コマンド.ERB
1612	ERB/口上・メッセージ関連/個人口上/102 Shinki [神綺]/[NAS] Shinki/M_KOJO_K102_日常系コマンド.ERB
1606	ERB/口上・メッセージ関連/個人口上/042 Hatate [はたて]/はたて/M_KOJO_K42_派生コマンド.ERB
1588	ERB/口上・メッセージ関連/個人口上/105 Mai (PC-98) [マイ]/マイ/M_KOJO_K105_イベント.ERB
1582	ERB/口上・メッセージ関連/個人口上/043 Kasen [華扇]/華扇/M_KOJO_K43_セクハラコマンド.ERB
1581	ERB/口上・メッセージ関連/個人口上/127 Eika [瓔花]/瓔花/M_KOJO_K127_日常系コマンド.ERB
1571	ERB/口上・メッセージ関連/個人口上/070 Kosuzu [小鈴]/Kosuzu JP/M_KOJO_K70_01_イベント.ERB
1549	ERB/口上・メッセージ関連/個人口上/030 Eiki [映姫]/映姫様/M_KOJO_K30_イベント.ERB
1542	ERB/口上・メッセージ関連/個人口上/072 Eirin [永琳]/永琳/M_KOJO_K72_奉仕系コマンド.ERB
1532	ERB/口上・メッセージ関連/個人口上/098 Yorihime [依姫]/依姫/M_KOJO_K98_日常系コマンド.ERB
1521	ERB/口上・メッセージ関連/個人口上/038 Koishi [こいし]/TW用古明地こいし/M_KOJO_K38_イベント.ERB
1516	ERB/TRANSLATION/OMOGATARI/LORE/NewspaperAds.ERB
1487	ERB/口上・メッセージ関連/個人口上/038 Koishi [こいし]/TW用古明地こいし/M_KOJO_K38_性交系コマンド.ERB
1469	ERB/口上・メッセージ関連/個人口上/038 Koishi [こいし]/Koishi_strmesko/M_KOJO_K38_1_性交系コマンド.ERB
1451	ERB/口上・メッセージ関連/個人口上/038 Koishi [こいし]/TW用古明地こいし/M_KOJO_K38_日常系コマンド.ERB
1448	ERB/口上・メッセージ関連/個人口上/053 Tewi [てゐ]/てゐ/M_KOJO_K53_special_events.ERB
1447	ERB/口上・メッセージ関連/個人口上/012 Rumia [ルーミア]/ルーミア/M_KOJO_K12_日常系コマンド.ERB
1439	ERB/口上・メッセージ関連/個人口上/042 Hatate [はたて]/はたて/M_KOJO_K42_カウンター.ERB
1406	ERB/口上・メッセージ関連/個人口上/043 Kasen [華扇]/華扇/M_KOJO_K43_性交系コマンド.ERB
1406	ERB/口上・メッセージ関連/個人口上/173 Sendai Hakurei [先代]/【158】先代/M_KOJO_K158_イベント.ERB
1392	ERB/口上・メッセージ関連/個人口上/062 Kaguya [輝夜]/輝夜/M_KOJO_K62_イベント.ERB
1370	ERB/口上・メッセージ関連/個人口上/011 Marisa [魔理沙]/eraTW用霧雨魔理沙口上ver,0.03/M_KOJO_K11_イベント.ERB
1366	ERB/TRANSLATION/OMOGATARI/REVERSE CHARAMAKE/RandomQuestions.ERB
1363	ERB/口上・メッセージ関連/個人口上/127 Eika [瓔花]/瓔花/M_KOJO_K127_性交系コマンド.ERB
1362	ERB/口上・メッセージ関連/個人口上/017 Alice [アリス]/アリス/M_KOJO_K17_日常系コマンド.ERB
1357	ERB/口上・メッセージ関連/個人口上/086 Murasa [水蜜]/era命蓮寺ODv1.0+修正Pv4用村紗口上Ver0.204/M_KOJO_K86.ERB
1343	ERB/口上・メッセージ関連/個人口上/044 Ellen [エレン]/エレン/M_KOJO_K44_日常系コマンド.ERB
1340	ERB/口上・メッセージ関連/個人口上/139 Tsukasa [典]/典/M_KOJO_K139_コマンド.ERB
1337	ERB/口上・メッセージ関連/個人口上/013 Daiyousei [大妖精]/大妖精/M_KOJO_K13_日常系コマンド.ERB
1309	ERB/口上・メッセージ関連/個人口上/043 Kasen [華扇]/華扇/M_KOJO_K43_愛撫系コマンド.ERB
1292	ERB/口上・メッセージ関連/個人口上/064 Yuugi [勇儀]/勇儀/M_KOJO_K64_日常系コマンド.ERB
1282	ERB/口上・メッセージ関連/個人口上/062 Kaguya [輝夜]/輝夜/M_KOJO_K62_日常系コマンド.ERB
1275	ERB/口上・メッセージ関連/個人口上/113 Hecatia [ヘカーティア]/ヘカーティア/M_KOJO_K113_日常系コマンド.ERB
1271	ERB/口上・メッセージ関連/個人口上/101 Tokiko [朱鷺子]/朱鷺子/M_KOJO_K101_イベント.ERB
1269	ERB/口上・メッセージ関連/個人口上/110 Sagume [サグメ]/サグメ/M_KOJO_K110_日常系コマンド.ERB
1254	ERB/口上・メッセージ関連/個人口上/018 Lily W [リリーＷ]/リリーＷ口上测试版v1.01/m_kojo_k18_イベント.ERB
1245	ERB/口上・メッセージ関連/個人口上/124 Okina [隠岐奈]/賑やかし隠岐奈【124】/M_KOJO_K124_日常系コマンド.ERB
1244	ERB/口上・メッセージ関連/個人口上/079 Hina [雛]/eraTW用鍵山雛口上/M_KOJO_K79_日常系コマンド.ERB
1243	ERB/口上・メッセージ関連/個人口上/087 Shou [星]/era命蓮寺OvDr!! ver1.3用 ふわっと寅丸 星口上ver.6.1【別人加筆版】/M_KOJO_K87_日常系コマンド.ERB
1239	ERB/口上・メッセージ関連/個人口上/023 Youmu [妖夢]/妖夢別人改変版/M_KOJO_K23_1_性交系コマンド.ERB
1234	ERB/口上・メッセージ関連/個人口上/139 Tsukasa [典]/典/M_KOJO_K139_カウンター.ERB
1229	ERB/口上・メッセージ関連/個人口上/029 Aya [文]/文/M_KOJO_K29_イベント.ERB
1224	ERB/口上・メッセージ関連/個人口上/018 Lily W [リリーＷ]/リリーホワイト/M_KOJO_K18_日常系コマンド.ERB
1221	ERB/口上・メッセージ関連/個人口上/001 Reimu [霊夢]/霊夢/M_KOJO_K1_日常系コマンド.ERB
1217	ERB/口上・メッセージ関連/個人口上/042 Hatate [はたて]/はたて/M_KOJO_K42_絶頂.ERB
1203	ERB/口上・メッセージ関連/個人口上/108 Ringo [鈴瑚]/鈴瑚/M_KOJO_K108_日常系コマンド.ERB
1199	ERB/コマンド関連/COMF/外出系/COMF633 積み石コンテスト.ERB
1198	ERB/口上・メッセージ関連/個人口上/061 Mokou [妹紅]/妹紅/M_KOJO_K61_イベント.ERB
1189	ERB/口上・メッセージ関連/個人口上/006 Luna [ルナ]/ルナチャイルド/M_KOJO_K6_イベント.ERB
1174	ERB/口上・メッセージ関連/個人口上/107 Seiran [清蘭]/清蘭/M_KOJO_K107_イベント.ERB
1166	ERB/口上・メッセージ関連/個人口上/040 Kogasa [小傘]/小傘/M_KOJO_K40_セクハラコマンド.ERB
1166	ERB/口上・メッセージ関連/個人口上/093 Wakasagihime [わかさぎ姫]/ENWaggy/M_KOJO_K93_c_events.ERB
1165	ERB/口上・メッセージ関連/個人口上/131 Mayumi [磨弓]/磨弓/M_KOJO_K131_日常系コマンド.ERB
1162	ERB/口上・メッセージ関連/個人口上/103 Yumeko [夢子]/強気デレ夢子/M_KOJO_K103_16_日常系コマンド.ERB
1160	ERB/口上・メッセージ関連/個人口上/075 Medicine [メディスン]/メディスン/M_KOJO_K75_イベント.ERB
1152	ERB/口上・メッセージ関連/個人口上/076 Komachi [小町]/小町/M_KOJO_K76_イベント.ERB
1149	ERB/口上・メッセージ関連/個人口上/006 Luna [ルナ]/ルナチャイルド/M_KOJO_K6_日常系コマンド.ERB
1149	ERB/口上・メッセージ関連/個人口上/060 Parsee [パルスィ]/Parsee/M_KOJO_K60_functions.ERB
1147	ERB/口上・メッセージ関連/個人口上/127 Eika [瓔花]/瓔花/M_KOJO_K127_イベント.ERB
1141	ERB/口上・メッセージ関連/個人口上/043 Kasen [華扇]/華扇/M_KOJO_K43_日常系コマンド.ERB
1136	ERB/口上・メッセージ関連/個人口上/017 Alice [アリス]/アリス/M_KOJO_K17_イベント.ERB
1128	ERB/口上・メッセージ関連/個人口上/104 Yuki [ユキ]/ユキ/M_KOJO_K104_日常系コマンド.ERB
1123	ERB/口上・メッセージ関連/個人口上/108 Ringo [鈴瑚]/鈴瑚/M_KOJO_K108_イベント.ERB
1120	ERB/口上・メッセージ関連/個人口上/007 Star [スター]/スターサファイア/M_KOJO_K7_イベント.ERB
1116	ERB/口上・メッセージ関連/個人口上/111 Clownpiece [クラウンピース]/クラウンピース/M_KOJO_K111_イベント.ERB
1114	ERB/TRANSLATION/Addition/Lunatic Survival/Scarlet/Abandoned Mansion.ERB
1114	ERB/口上・メッセージ関連/個人口上/113 Hecatia [ヘカーティア]/ヘカーティア/M_KOJO_K113_イベント.ERB
1111	ERB/口上・メッセージ関連/個人口上/038 Koishi [こいし]/Koishi_strmesko/M_KOJO_K38_1_愛撫系コマンド.ERB
1111	ERB/口上・メッセージ関連/個人口上/039 Nazrin [ナズーリン]/ひねくれナズー口上/M_KOJO_K39_奉仕系コマンド.ERB
1110	ERB/口上・メッセージ関連/個人口上/057 Kokoro [こころ]/TW用秦こころ(賑やかし版)/M_KOJO_K57_日常系コマンド.ERB
1099	ERB/口上・メッセージ関連/個人口上/087 Shou [星]/ENShou/M_KOJO_K87_everyday_commmands.ERB
1098	ERB/口上・メッセージ関連/個人口上/107 Seiran [清蘭]/清蘭/M_KOJO_K107_日常系コマンド.ERB
1097	ERB/口上・メッセージ関連/個人口上/131 Mayumi [磨弓]/磨弓/M_KOJO_K131_イベント.ERB
1091	ERB/口上・メッセージ関連/個人口上/053 Tewi [てゐ]/てゐ/M_KOJO_K53_conversations.ERB
1085	ERB/口上・メッセージ関連/個人口上/070 Kosuzu [小鈴]/小鈴/M_KOJO_K70_01_イベント.ERB
1084	ERB/口上・メッセージ関連/個人口上/173 Sendai Hakurei [先代]/【158】先代/M_KOJO_K158_日常系コマンド.ERB
1083	ERB/口上・メッセージ関連/個人口上/110 Sagume [サグメ]/サグメ/M_KOJO_K110_イベント.ERB
1079	ERB/口上・メッセージ関連/個人口上/031 Sanae [早苗]/早苗/M_KOJO_K31_日常系コマンド.ERB
1078	ERB/口上・メッセージ関連/個人口上/029 Aya [文]/文/M_KOJO_K29_愛撫系コマンド.ERB
1073	ERB/口上・メッセージ関連/個人口上/069 Mamizou [マミゾウ]/マミゾウ別人変身対応版/派生口上/M_KOJO_K69_1_日常系コマンド_拡張.ERB
1060	ERB/口上・メッセージ関連/個人口上/075 Medicine [メディスン]/メディスン/M_KOJO_K75_日常系コマンド.ERB
1059	ERB/口上・メッセージ関連/個人口上/039 Nazrin [ナズーリン]/ひねくれナズー口上/M_KOJO_K39_愛撫系コマンド.ERB
1059	ERB/口上・メッセージ関連/個人口上/040 Kogasa [小傘]/小傘/M_KOJO_K40_愛撫系コマンド.ERB
1050	ERB/口上・メッセージ関連/個人口上/023 Youmu [妖夢]/妖夢別人改変版/M_KOJO_K23_1_イベント.ERB
1049	ERB/口上・メッセージ関連/個人口上/051 Nitori [にとり]/Nitori/M_KOJO_K51_special_events.ERB
1042	ERB/口上・メッセージ関連/個人口上/009 Yumemi [夢美]/夢美/M_KOJO_K9_イベント.ERB
1032	ERB/口上・メッセージ関連/個人口上/042 Hatate [はたて]/はたて/Lib/M_KOJO_K42_関数ライブラリ.ERB
1017	ERB/口上・メッセージ関連/個人口上/082 Maribel [メリー]/メリー/M_KOJO_K82_日常系コマンド.ERB
1003	ERB/口上・メッセージ関連/個人口上/029 Aya [文]/文/M_KOJO_K29_日常系コマンド.ERB
1002	ERB/口上・メッセージ関連/個人口上/011 Marisa [魔理沙]/eraTW用霧雨魔理沙口上ver,0.03/M_KOJO_K11_FUNC.ERB
1001	ERB/口上・メッセージ関連/個人口上/055 Byakuren [白蓮]/聖/M_KOJO_K55_イベント.ERB
993	ERB/口上・メッセージ関連/個人口上/040 Kogasa [小傘]/小傘/M_KOJO_K40_COUNTER.ERB
988	ERB/口上・メッセージ関連/個人口上/080 Akyuu [阿求]/阿求/M_KOJO_K80_日常系コマンド.ERB
984	ERB/口上・メッセージ関連/個人口上/035 Iku [衣玖]/衣玖さん/M_KOJO_K35_日常.ERB
982	ERB/口上・メッセージ関連/個人口上/018 Lily W [リリーＷ]/リリーＷ口上测试版v1.01/M_KOJO_K18_愛撫系.ERB
978	ERB/口上・メッセージ関連/個人口上/105 Mai (PC-98) [マイ]/マイ/M_KOJO_K105_性交系コマンド.ERB
976	ERB/口上・メッセージ関連/個人口上/028 Mystia [ミスティア]/ミスティア/M_KOJO_K28_イベント.ERB
975	ERB/口上・メッセージ関連/個人口上/124 Okina [隠岐奈]/賑やかし隠岐奈【124】/M_KOJO_K124_イベント.ERB
975	ERB/口上・メッセージ関連/個人口上/139 Tsukasa [典]/典/M_KOJO_K139_派生コマンド.ERB
972	ERB/口上・メッセージ関連/個人口上/064 Yuugi [勇儀]/勇儀/M_KOJO_K64_イベント.ERB
964	ERB/口上・メッセージ関連/個人口上/053 Tewi [てゐ]/てゐ/M_KOJO_K53_events.ERB
959	ERB/TRANSLATION/OMOGATARI/DAILY EVENTS/Lucid Dreams/LUCID_EV33 Propagandize Propaganda.ERB
956	ERB/口上・メッセージ関連/個人口上/038 Koishi [こいし]/TW用古明地こいし/M_KOJO_K38_愛撫系コマンド.ERB
951	ERB/口上・メッセージ関連/個人口上/087 Shou [星]/era命蓮寺OvDr!! ver1.3用 ふわっと寅丸 星口上ver.6.1【別人加筆版】/M_KOJO_K87_イベント.ERB
949	ERB/口上・メッセージ関連/個人口上/041 Nue [ぬえ]/era命蓮寺OvDr!! ver1.35用 ツン≦デレ封獣ぬえ口上ver0.12/M_KOJO_K41_イベント.ERB
945	ERB/口上・メッセージ関連/個人口上/079 Hina [雛]/eraTW用鍵山雛口上/M_KOJO_K79_イベント.ERB
939	ERB/口上・メッセージ関連/個人口上/013 Daiyousei [大妖精]/大妖精/M_KOJO_K13_イベント.ERB
937	ERB/口上・メッセージ関連/個人口上/025 Ran [藍]/藍/M_KOJO_K25_日常系コマンド.ERB
931	ERB/口上・メッセージ関連/個人口上/018 Lily W [リリーＷ]/リリーホワイト/M_KOJO_K18_イベント.ERB
926	ERB/口上・メッセージ関連/個人口上/019 Lily B [リリーＢ]/リリーブラック　ツンツンver/M_KOJO_K19_日常系コマンド.ERB
907	ERB/口上・メッセージ関連/個人口上/122 Mai Teireida [舞]/賑やかし舞【122】/M_KOJO_K122_イベント.ERB
903	ERB/口上・メッセージ関連/個人口上/011 Marisa [魔理沙]/eraTW用霧雨魔理沙口上ver,0.03/M_KOJO_K11_愛撫系コマンド.ERB
897	ERB/口上・メッセージ関連/個人口上/123 Satono [里乃]/賑やかし里乃【123】/M_KOJO_K123_イベント.ERB
895	ERB/口上・メッセージ関連/個人口上/096 Raiko [雷鼓]/雷鼓/M_KOJO_K96_イベント.ERB
893	ERB/口上・メッセージ関連/個人口上/055 Byakuren [白蓮]/聖/M_KOJO_K55_日常系コマンド.ERB
875	ERB/口上・メッセージ関連/個人口上/063 Kagerou [影狼]/影狼/M_KOJO_K63_コマンド.ERB
874	ERB/口上・メッセージ関連/個人口上/015 Sakuya [咲夜]/Sakuya/M_KOJO_K15_イベント.ERB
872	ERB/口上・メッセージ関連/個人口上/027 Wriggle [リグル]/リグル/M_KOJO_K27_イベント.ERB
871	ERB/口上・メッセージ関連/個人口上/104 Yuki [ユキ]/ユキ/M_KOJO_K104_イベント.ERB
865	ERB/口上・メッセージ関連/個人口上/129 Kutaka [久侘歌]/久侘歌/M_KOJO_K129_日常系コマンド.ERB
858	ERB/口上・メッセージ関連/個人口上/040 Kogasa [小傘]/小傘/M_KOJO_K40_イベント.ERB
853	ERB/口上・メッセージ関連/個人口上/063 Kagerou [影狼]/影狼/M_KOJO_K63_独自関数.ERB
845	ERB/口上・メッセージ関連/個人口上/005 Sunny [サニー]/サニーミルク/M_KOJO_K5_日常系コマンド.ERB
839	ERB/口上・メッセージ関連/個人口上/117 Gengetsu [幻月]/幻月/M_KOJO_K117_イベント.ERB
835	ERB/口上・メッセージ関連/個人口上/042 Hatate [はたて]/はたて/M_KOJO_K42_育児イベント.ERB
835	ERB/口上・メッセージ関連/個人口上/109 Doremy [ドレミー]/ドレミー/M_KOJO_K109_性交系コマンド.ERB
831	ERB/口上・メッセージ関連/個人口上/128 Urumi [潤美]/Urumi/M_KOJO_K128_events.ERB
825	ERB/TRANSLATION/OMOGATARI/TUTORIAL/Tutorial Entries.ERB
825	ERB/口上・メッセージ関連/個人口上/075 Medicine [メディスン]/メディスン/M_KOJO_K75_ユーザー関数.ERB
818	ERB/TRANSLATION/COUNTER_MESSAGE_TR.ERB
814	ERB/ステータス計算関連/COUNTER/COUNTER_MESSAGE.ERB
814	ERB/口上・メッセージ関連/個人口上/090 Seiga [青娥]/青娥/M_KOJO_K90_イベント.ERB
814	ERB/口上・メッセージ関連/個人口上/129 Kutaka [久侘歌]/久侘歌/M_KOJO_K129_イベント.ERB
808	ERB/口上・メッセージ関連/個人口上/107 Seiran [清蘭]/清蘭/清蘭の関数まとめ.ERB
803	ERB/口上・メッセージ関連/個人口上/030 Eiki [映姫]/映姫様/M_KOJO_K30_性交系コマンド.ERB
803	ERB/口上・メッセージ関連/個人口上/096 Raiko [雷鼓]/雷鼓/M_KOJO_K96_日常系コマンド.ERB
788	ERB/口上・メッセージ関連/個人口上/051 Nitori [にとり]/Nitori/M_KOJO_K51_conversations.ERB
776	ERB/口上・メッセージ関連/個人口上/049 Satori [さとり]/さとり/M_KOJO_K49_日常系コマンド.ERB
775	ERB/口上・メッセージ関連/個人口上/130 Yachie [八千慧]/八千慧/M_KOJO_K130_日常系コマンド.ERB
771	ERB/口上・メッセージ関連/個人口上/100 Rei'sen [レイセン]/レイセン/M_KOJO_K100_派生コマンド.ERB
770	ERB/TRANSLATION/OMOGATARI/OMO/PeeStuffs.ERB
769	ERB/口上・メッセージ関連/個人口上/043 Kasen [華扇]/華扇/M_KOJO_K43_奉仕系コマンド.ERB
766	ERB/口上・メッセージ関連/個人口上/113 Hecatia [ヘカーティア]/ヘカーティア/ヘカーティアの関数まとめ.ERB
759	ERB/口上・メッセージ関連/個人口上/133 Saki [早鬼]/早鬼/M_KOJO_K133_日常系コマンド.ERB
756	ERB/口上・メッセージ関連/個人口上/080 Akyuu [阿求]/阿求/M_KOJO_K80_イベント.ERB
750	ERB/口上・メッセージ関連/個人口上/095 Yatsuhashi [八橋]/八橋/M_KOJO_K95_イベント.ERB
749	ERB/口上・メッセージ関連/個人口上/007 Star [スター]/スターサファイア/M_KOJO_K7_日常系コマンド.ERB
747	ERB/口上・メッセージ関連/個人口上/027 Wriggle [リグル]/Wriggle/M_KOJO_K27_1_日常系コマンド.ERB
746	ERB/口上・メッセージ関連/個人口上/027 Wriggle [リグル]/リグル/M_KOJO_K27_日常系コマンド.ERB
745	ERB/口上・メッセージ関連/個人口上/094 Benben [弁々]/弁々/M_KOJO_K94_イベント.ERB
742	ERB/口上・メッセージ関連/個人口上/130 Yachie [八千慧]/八千慧/M_KOJO_K130_イベント.ERB
735	ERB/口上・メッセージ関連/個人口上/005 Sunny [サニー]/サニーミルク/M_KOJO_K5_性交系コマンド.ERB
735	ERB/口上・メッセージ関連/個人口上/040 Kogasa [小傘]/小傘/M_KOJO_K40_奉仕系コマンド.ERB
733	ERB/口上・メッセージ関連/個人口上/098 Yorihime [依姫]/依姫/M_KOJO_K98_イベント.ERB
732	ERB/口上・メッセージ関連/個人口上/100 Rei'sen [レイセン]/レイセン/M_KOJO_K100_イベント.ERB
730	ERB/口上・メッセージ関連/個人口上/109 Doremy [ドレミー]/ドレミー/M_KOJO_K109_セクハラコマンド.ERB
729	ERB/口上・メッセージ関連/個人口上/151 YuugenMagan [ユウゲンマガン]/YuugenMagan/M_KOJO_K151_日常系コマンド.ERB
728	ERB/SHOP関連/TUTORIAL.ERB
725	ERB/口上・メッセージ関連/個人口上/001 Reimu [霊夢]/霊夢/M_KOJO_K1_イベント.ERB
725	ERB/口上・メッセージ関連/個人口上/109 Doremy [ドレミー]/ドレミー/M_KOJO_K109_愛撫系コマンド.ERB
723	ERB/口上・メッセージ関連/個人口上/051 Nitori [にとり]/にとり/M_KOJO_K51_イベント.ERB
721	ERB/口上・メッセージ関連/個人口上/066 Yuyuko [幽々子]/幽々子/口上/M_KOJO_K66_イベント.ERB
719	ERB/口上・メッセージ関連/個人口上/142 Momoyo [百々世]/Momoyo/M_KOJO_K142_events.ERB
717	ERB/口上・メッセージ関連/個人口上/018 Lily W [リリーＷ]/リリーＷ口上测试版v1.01/M_KOJO_K18_性交系コマンド.ERB
706	ERB/口上・メッセージ関連/個人口上/142 Momoyo [百々世]/Momoyo/M_KOJO_K142_everyday_commmands.ERB
703	ERB/口上・メッセージ関連/個人口上/014 Cirno [チルノ]/チルノ　大妖精なりきり対応ver0.9/M_KOJO_K14_日常系コマンド.ERB
703	ERB/口上・メッセージ関連/個人口上/033 Suwako [諏訪子]/諏訪子/M_KOJO_K33_イベント.ERB
695	ERB/口上・メッセージ関連/個人口上/057 Kokoro [こころ]/TW用秦こころ(賑やかし版)/M_KOJO_K57_性交系コマンド.ERB
691	ERB/口上・メッセージ関連/個人口上/099 Toyohime [豊姫]/豊姫/M_KOJO_K99_イベント.ERB
691	ERB/口上・メッセージ関連/個人口上/133 Saki [早鬼]/早鬼/M_KOJO_K133_イベント.ERB
690	ERB/口上・メッセージ関連/個人口上/079 Hina [雛]/eraTW用鍵山雛口上/M_KOJO_K79_性交系コマンド.ERB
689	ERB/口上・メッセージ関連/個人口上/038 Koishi [こいし]/Koishi_strmesko/M_KOJO_K38_1_絶頂.ERB
688	ERB/口上・メッセージ関連/個人口上/018 Lily W [リリーＷ]/リリーＷ口上测试版v1.01/Lilystory2.ERB
687	ERB/口上・メッセージ関連/個人口上/134 Miyoi [美宵]/美宵/M_KOJO_K134_日常系コマンド.ERB
686	ERB/口上・メッセージ関連/個人口上/082 Maribel [メリー]/メリー/M_KOJO_K82_イベント.ERB
684	ERB/口上・メッセージ関連/個人口上/001 Reimu [霊夢]/霊夢/M_KOJO_K1_性交系コマンド.ERB
683	ERB/口上・メッセージ関連/個人口上/087 Shou [星]/era命蓮寺OvDr!! ver1.3用 ふわっと寅丸 星口上ver.6.1【別人加筆版】/M_KOJO_K87_性交系コマンド.ERB
681	ERB/TRANSLATION/OMOGATARI/NewCharaCreator.ERB
677	ERB/口上・メッセージ関連/個人口上/079 Hina [雛]/eraTW用鍵山雛口上/M_KOJO_K79_愛撫系コマンド.ERB
674	ERB/口上・メッセージ関連/個人口上/067 Keine [慧音]/TWけね/M_KOJO_K67_性交系コマンド.ERB
666	ERB/口上・メッセージ関連/個人口上/018 Lily W [リリーＷ]/リリーＷ口上测试版v1.01/M_KOJO_K18_性骚扰.ERB
666	ERB/口上・メッセージ関連/個人口上/041 Nue [ぬえ]/era命蓮寺OvDr!! ver1.35用 ツン≦デレ封獣ぬえ口上ver0.12/M_KOJO_K41_日常系コマンド.ERB
661	ERB/口上・メッセージ関連/個人口上/050 Flandre [フラン]/eraTW別人版フラン口上/M_KOJO_K50_1_日常系コマンド.ERB
651	ERB/口上・メッセージ関連/個人口上/076 Komachi [小町]/小町/M_KOJO_K76_セクハラコマンド.ERB
648	ERB/口上・メッセージ関連/個人口上/052 Reisen [鈴仙]/鈴仙/M_KOJO_K52_イベント.ERB
640	ERB/口上・メッセージ関連/個人口上/033 Suwako [諏訪子]/諏訪子/M_KOJO_K33_日常系コマンド.ERB
640	ERB/口上・メッセージ関連/個人口上/061 Mokou [妹紅]/妹紅/M_KOJO_K61_コマンド絶頂.ERB
638	ERB/口上・メッセージ関連/個人口上/099 Toyohime [豊姫]/豊姫/M_KOJO_K99_セクハラコマンド.ERB
637	ERB/口上・メッセージ関連/個人口上/062 Kaguya [輝夜]/輝夜/M_KOJO_K62_依頼.ERB
634	ERB/口上・メッセージ関連/個人口上/051 Nitori [にとり]/Nitori/M_KOJO_K51_everyday_commmands.ERB
633	ERB/口上・メッセージ関連/個人口上/027 Wriggle [リグル]/Wriggle/M_KOJO_K27_1_イベント.ERB
630	ERB/口上・メッセージ関連/個人口上/102 Shinki [神綺]/[NAS] Shinki/DAILY_EV908 Shinki Caregiver/DAILY_EV908 Shinki Caregiver.ERB
628	ERB/口上・メッセージ関連/個人口上/108 Ringo [鈴瑚]/鈴瑚/鈴瑚の関数まとめ.ERB
626	ERB/口上・メッセージ関連/個人口上/030 Eiki [映姫]/映姫様/M_KOJO_K30_愛撫系コマンド.ERB
624	ERB/口上・メッセージ関連/個人口上/053 Tewi [てゐ]/てゐ/M_KOJO_K53_everyday_commmands.ERB
620	ERB/口上・メッセージ関連/個人口上/063 Kagerou [影狼]/影狼/M_KOJO_K63_会話.ERB
620	ERB/口上・メッセージ関連/個人口上/102 Shinki [神綺]/[NAS] Shinki/M_KOJO_K102_イベント.ERB
616	ERB/口上・メッセージ関連/個人口上/117 Gengetsu [幻月]/幻月/M_KOJO_K117_日常系コマンド.ERB
616	ERB/口上・メッセージ関連/個人口上/131 Mayumi [磨弓]/磨弓/M_KOJO_K131_性交系コマンド.ERB
616	ERB/口上・メッセージ関連/個人口上/134 Miyoi [美宵]/美宵/M_KOJO_K134_イベント.ERB
611	ERB/TRANSLATION/OMOGATARI/DAILY EVENTS/Lucid Dreams/LUCID_EV3 At School.ERB
605	ERB/口上・メッセージ関連/個人口上/036 Orin [お燐]/TWお燐口上/M_KOJO_K36_日常系コマンド.ERB
602	ERB/口上・メッセージ関連/個人口上/051 Nitori [にとり]/Nitori/M_KOJO_K51_events.ERB
600	ERB/口上・メッセージ関連/個人口上/104 Yuki [ユキ]/ユキ/M_KOJO_K104_性交系コマンド.ERB
598	ERB/口上・メッセージ関連/個人口上/011 Marisa [魔理沙]/eraTW用霧雨魔理沙口上ver,0.03/M_KOJO_K11_性交系コマンド.ERB
597	ERB/口上・メッセージ関連/個人口上/017 Alice [アリス]/アリス/追加ファイル/M_KOJO_K17_口上固有追加イベント.ERB
592	ERB/口上・メッセージ関連/個人口上/032 Kanako [神奈子]/神奈子様/M_KOJO_K32_日常系コマンド.ERB
583	ERB/口上・メッセージ関連/個人口上/060 Parsee [パルスィ]/Parsee/M_KOJO_K60_性交系コマンド.ERB
582	ERB/口上・メッセージ関連/個人口上/053 Tewi [てゐ]/てゐ/M_KOJO_K53_mesugaki.ERB
578	ERB/口上・メッセージ関連/個人口上/103 Yumeko [夢子]/強気デレ夢子/M_KOJO_K103_01_イベント.ERB
577	ERB/口上・メッセージ関連/個人口上/090 Seiga [青娥]/青娥/M_KOJO_K90_日常系コマンド.ERB
572	ERB/口上・メッセージ関連/個人口上/014 Cirno [チルノ]/チルノ　大妖精なりきり対応ver0.9/M_KOJO_K14_イベント.ERB
572	ERB/口上・メッセージ関連/個人口上/039 Nazrin [ナズーリン]/ひねくれナズー口上/M_KOJO_K39_絶頂.ERB
572	ERB/口上・メッセージ関連/個人口上/131 Mayumi [磨弓]/磨弓/磨弓の関数まとめ.ERB
571	ERB/口上・メッセージ関連/個人口上/043 Kasen [華扇]/華扇/M_KOJO_K43_イベント.ERB
570	ERB/口上・メッセージ関連/個人口上/057 Kokoro [こころ]/TW用秦こころ(賑やかし版)/M_KOJO_K57_絶頂.ERB
569	ERB/口上・メッセージ関連/個人口上/052 Reisen [鈴仙]/鈴仙/M_KOJO_K52_日常系コマンド.ERB
567	ERB/口上・メッセージ関連/個人口上/025 Ran [藍]/藍/M_KOJO_K25_イベント.ERB
566	ERB/口上・メッセージ関連/個人口上/083 Kisume [キスメ]/キスメ/M_KOJO_K83_01_イベント.ERB
563	ERB/CASINO/CASINO_SLOT_HELP.ERB
562	ERB/口上・メッセージ関連/個人口上/112 Junko [純狐]/純狐/M_KOJO_K112_イベント.ERB
562	ERB/口上・メッセージ関連/個人口上/123 Satono [里乃]/賑やかし里乃【123】/M_KOJO_K123_日常系コマンド.ERB
561	ERB/口上・メッセージ関連/個人口上/096 Raiko [雷鼓]/雷鼓/M_KOJO_K96_性交系コマンド.ERB
557	ERB/口上・メッセージ関連/個人口上/001 Reimu [霊夢]/霊夢/M_KOJO_K1_愛撫系コマンド.ERB
556	ERB/口上・メッセージ関連/個人口上/085 Ichirin [一輪]/一輪試作/M_KOJO_K85_イベント.ERB
555	ERB/口上・メッセージ関連/個人口上/038 Koishi [こいし]/TW用古明地こいし/M_KOJO_K38_絶頂.ERB
555	ERB/口上・メッセージ関連/個人口上/094 Benben [弁々]/弁々/M_KOJO_K94_日常系コマンド.ERB
553	ERB/口上・メッセージ関連/個人口上/120 Aunn [あうん]/賑やかしあうん【120】/M_KOJO_K120_イベント.ERB
550	ERB/口上・メッセージ関連/個人口上/095 Yatsuhashi [八橋]/八橋/M_KOJO_K95_日常系コマンド.ERB
546	ERB/口上・メッセージ関連/EVENT_MESSAGE_COM400.ERB
546	ERB/口上・メッセージ関連/個人口上/009 Yumemi [夢美]/夢美/M_KOJO_K9_性交系コマンド.ERB
541	ERB/口上・メッセージ関連/個人口上/066 Yuyuko [幽々子]/幽々子/口上/M_KOJO_K66_日常系コマンド.ERB
538	ERB/口上・メッセージ関連/個人口上/068 Yuuka [幽香]/幽香/M_KOJO_K68_日常系コマンド.ERB
536	ERB/口上・メッセージ関連/個人口上/029 Aya [文]/文/M_KOJO_K29_性交系コマンド.ERB
536	ERB/口上・メッセージ関連/個人口上/099 Toyohime [豊姫]/豊姫/M_KOJO_K99_愛撫系コマンド.ERB
535	ERB/口上・メッセージ関連/個人口上/105 Mai (PC-98) [マイ]/マイ/M_KOJO_K105_依頼.ERB
533	ERB/口上・メッセージ関連/個人口上/060 Parsee [パルスィ]/Parsee/M_KOJO_K60_愛撫系コマンド.ERB
532	ERB/口上・メッセージ関連/個人口上/015 Sakuya [咲夜]/Sakuya/M_KOJO_K15_日常系コマンド.ERB
528	ERB/口上・メッセージ関連/個人口上/113 Hecatia [ヘカーティア]/ヘカーティア/M_KOJO_K113_性交系コマンド.ERB
526	ERB/口上・メッセージ関連/個人口上/140 Megumu [龍]/龍/M_KOJO_K140_日常系コマンド.ERB
524	ERB/口上・メッセージ関連/個人口上/023 Youmu [妖夢]/妖夢別人改変版/M_KOJO_K23_1_愛撫系コマンド.ERB
524	ERB/口上・メッセージ関連/個人口上/027 Wriggle [リグル]/リグル/M_KOJO_K27_奉仕系コマンド.ERB
524	ERB/口上・メッセージ関連/個人口上/067 Keine [慧音]/TWけね/M_KOJO_K67_イベント .ERB
523	ERB/口上・メッセージ関連/個人口上/112 Junko [純狐]/純狐/M_KOJO_K112_日常系コマンド.ERB
519	ERB/口上・メッセージ関連/個人口上/030 Eiki [映姫]/映姫様/M_KOJO_K30_派生コマンド.ERB
519	ERB/口上・メッセージ関連/個人口上/035 Iku [衣玖]/衣玖さん/M_KOJO_K35_イベント.ERB
519	ERB/口上・メッセージ関連/個人口上/044 Ellen [エレン]/エレン/M_KOJO_K44_イベント.ERB
518	ERB/口上・メッセージ関連/個人口上/100 Rei'sen [レイセン]/レイセン/M_KOJO_K100_性交系コマンド.ERB
513	ERB/口上・メッセージ関連/個人口上/016 Remilia [レミリア]/レミリア/M_KOJO_K16_日常系コマンド.ERB
510	ERB/口上・メッセージ関連/個人口上/122 Mai Teireida [舞]/賑やかし舞【122】/M_KOJO_K122_日常系コマンド.ERB
509	ERB/TRANSLATION/OMOGATARI/CHARA/Generic (Upfront)/M_KOJO_KX_イベント.ERB
504	ERB/口上・メッセージ関連/個人口上/120 Aunn [あうん]/賑やかしあうん【120】/M_KOJO_K120_愛撫系コマンド.ERB
503	ERB/口上・メッセージ関連/個人口上/058 Meiling [美鈴]/美鈴/M_KOJO_K58_日常系コマンド.ERB
497	ERB/口上・メッセージ関連/個人口上/140 Megumu [龍]/龍/M_KOJO_K140_イベント.ERB
495	ERB/口上・メッセージ関連/EVENT_MESSAGE_COM.ERB
493	ERB/口上・メッセージ関連/個人口上/047 Rika [里香]/里香/M_KOJO_K47_日常系コマンド.ERB
492	ERB/TRANSLATION/ANON/Custom_Commands/Add_CUSTOM_COM999 Debug Menu.ERB
492	ERB/口上・メッセージ関連/個人口上/027 Wriggle [リグル]/リグル/M_KOJO_K27_カウンター.ERB
492	ERB/口上・メッセージ関連/個人口上/029 Aya [文]/文/M_KOJO_K29_絶頂.ERB
492	ERB/口上・メッセージ関連/個人口上/052 Reisen [鈴仙]/鈴仙/M_KOJO_K52_性交系コマンド.ERB
485	ERB/口上・メッセージ関連/EVENT_MESSAGE_COM300.ERB
484	ERB/口上・メッセージ関連/個人口上/065 Momiji [椛]/椛/M_KOJO_K65_日常系コマンド.ERB
483	ERB/口上・メッセージ関連/個人口上/049 Satori [さとり]/さとり/M_KOJO_K49_セクハラコマンド.ERB
480	ERB/口上・メッセージ関連/個人口上/009 Yumemi [夢美]/夢美/M_KOJO_K9_日常系コマンド.ERB
480	ERB/口上・メッセージ関連/個人口上/100 Rei'sen [レイセン]/レイセン/M_KOJO_K100_コマンド.ERB
478	ERB/口上・メッセージ関連/個人口上/055 Byakuren [白蓮]/聖/M_KOJO_K55_愛撫系コマンド.ERB
477	ERB/口上・メッセージ関連/個人口上/087 Shou [星]/era命蓮寺OvDr!! ver1.3用 ふわっと寅丸 星口上ver.6.1【別人加筆版】/M_KOJO_K87_愛撫系コマンド.ERB
474	ERB/口上・メッセージ関連/個人口上/098 Yorihime [依姫]/依姫/M_KOJO_K98_愛撫系コマンド.ERB
473	ERB/口上・メッセージ関連/個人口上/105 Mai (PC-98) [マイ]/マイ/M_KOJO_K105_カウンター.ERB
472	ERB/口上・メッセージ関連/個人口上/069 Mamizou [マミゾウ]/マミゾウ別人変身対応版/派生口上/M_KOJO_K69_1_イベント_拡張.ERB
472	ERB/口上・メッセージ関連/個人口上/107 Seiran [清蘭]/清蘭/M_KOJO_K107_愛撫系コマンド.ERB
471	ERB/口上・メッセージ関連/個人口上/030 Eiki [映姫]/映姫様/M_KOJO_K30_奉仕系コマンド.ERB
471	ERB/口上・メッセージ関連/個人口上/107 Seiran [清蘭]/清蘭/M_KOJO_K107_セクハラコマンド.ERB
470	ERB/TRANSLATION/OMOGATARI/EZB/LoG_RIVAL_INFO.ERB
468	ERB/口上・メッセージ関連/個人口上/049 Satori [さとり]/さとり/M_KOJO_K49_コマンド自動喘ぎ.ERB
468	ERB/口上・メッセージ関連/個人口上/081 Renko [蓮子]/蓮子/M_KOJO_K81_日常系コマンド.ERB
467	ERB/口上・メッセージ関連/個人口上/043 Kasen [華扇]/華扇/M_KOJO_K43_絶頂.ERB
464	ERB/口上・メッセージ関連/個人口上/119 Nemuno [ネムノ]/ENNemuno/M_KOJO_K119_events.ERB
461	ERB/口上・メッセージ関連/EVENT_MESSAGE_COM_セクハラ.ERB
461	ERB/口上・メッセージ関連/個人口上/110 Sagume [サグメ]/サグメ/M_KOJO_K110_性交系コマンド.ERB
458	ERB/口上・メッセージ関連/個人口上/050 Flandre [フラン]/egg/M_KOJO_K50_2_events.ERB
458	ERB/口上・メッセージ関連/個人口上/099 Toyohime [豊姫]/豊姫/M_KOJO_K99_性交系コマンド.ERB
457	ERB/口上・メッセージ関連/個人口上/076 Komachi [小町]/小町/M_KOJO_K76_絶頂.ERB
456	ERB/口上・メッセージ関連/個人口上/030 Eiki [映姫]/映姫様/M_KOJO_K30_日記.ERB
455	ERB/口上・メッセージ関連/個人口上/007 Star [スター]/スターサファイア/M_KOJO_K7_愛撫系コマンド.ERB
455	ERB/口上・メッセージ関連/個人口上/076 Komachi [小町]/小町/M_KOJO_K76_愛撫系コマンド.ERB
455	ERB/口上・メッセージ関連/個人口上/092 Futo [布都]/布都/M_KOJO_K92_コマンド.ERB
451	ERB/口上・メッセージ関連/個人口上/068 Yuuka [幽香]/幽香/M_KOJO_K68_性交系コマンド.ERB
451	ERB/口上・メッセージ関連/個人口上/127 Eika [瓔花]/瓔花/M_KOJO_K127_絶頂.ERB
450	ERB/口上・メッセージ関連/個人口上/035 Iku [衣玖]/衣玖さん/M_KOJO_K35_愛撫系コマンド.ERB
449	ERB/口上・メッセージ関連/個人口上/151 YuugenMagan [ユウゲンマガン]/YuugenMagan/M_KOJO_K151_イベント.ERB
448	ERB/口上・メッセージ関連/個人口上/036 Orin [お燐]/Orin/M_KOJO_K36_日常系コマンド.ERB
445	ERB/CASINO/CASINO_SLOT_UTIL.ERB
445	ERB/口上・メッセージ関連/個人口上/067 Keine [慧音]/TWけね/M_KOJO_K67_絶頂.ERB
443	ERB/口上・メッセージ関連/個人口上/052 Reisen [鈴仙]/鈴仙/M_KOJO_K52_絶頂.ERB
441	ERB/口上・メッセージ関連/個人口上/060 Parsee [パルスィ]/Parsee/M_KOJO_K60_カウンター.ERB
441	ERB/口上・メッセージ関連/個人口上/087 Shou [星]/era命蓮寺OvDr!! ver1.3用 ふわっと寅丸 星口上ver.6.1【別人加筆版】/M_KOJO_K87_奉仕系コマンド.ERB
441	ERB/口上・メッセージ関連/個人口上/119 Nemuno [ネムノ]/ENNemuno/M_KOJO_K119_everyday_commands.ERB
440	ERB/TRANSLATION/LIST.ERB
440	ERB/口上・メッセージ関連/個人口上/030 Eiki [映姫]/映姫様/追加ファイル/M_KOJO_K30_関数・お説教ライブラリ.ERB
439	ERB/口上・メッセージ関連/個人口上/038 Koishi [こいし]/Koishi_strmesko/M_KOJO_K38_1_カウンター.ERB
439	ERB/口上・メッセージ関連/個人口上/062 Kaguya [輝夜]/輝夜/M_KOJO_K62_セクハラコマンド.ERB
439	ERB/口上・メッセージ関連/個人口上/107 Seiran [清蘭]/清蘭/M_KOJO_K107_性交系コマンド.ERB
436	ERB/口上・メッセージ関連/EVENT_MESSAGE_ORGASM.ERB
436	ERB/口上・メッセージ関連/個人口上/100 Rei'sen [レイセン]/レイセン/M_KOJO_K100_愛撫系コマンド.ERB
435	ERB/口上・メッセージ関連/個人口上/011 Marisa [魔理沙]/eraTW用霧雨魔理沙口上ver,0.03/M_KOJO_K11_絶頂.ERB
435	ERB/口上・メッセージ関連/個人口上/026 Yukari [紫]/紫/M_KOJO_K26_日常系コマンド.ERB
433	ERB/口上・メッセージ関連/個人口上/083 Kisume [キスメ]/キスメ/M_KOJO_K83_02_日常系コマンド.ERB
433	ERB/口上・メッセージ関連/個人口上/113 Hecatia [ヘカーティア]/ヘカーティア/M_KOJO_K113_愛撫系コマンド.ERB
433	ERB/口上・メッセージ関連/個人口上/124 Okina [隠岐奈]/賑やかし隠岐奈【124】/M_KOJO_K124_カウンター.ERB
432	ERB/口上・メッセージ関連/個人口上/005 Sunny [サニー]/サニーミルク/M_KOJO_K5_愛撫系コマンド.ERB
431	ERB/口上・メッセージ関連/個人口上/154 Enoko [慧ノ子]/慧ノ子/M_KOJO_K154_イベント.ERB
430	ERB/口上・メッセージ関連/個人口上/036 Orin [お燐]/Orin/M_KOJO_K36_イベント.ERB
430	ERB/口上・メッセージ関連/個人口上/042 Hatate [はたて]/はたて/M_KOJO_K42_コマンド.ERB
429	ERB/口上・メッセージ関連/個人口上/035 Iku [衣玖]/衣玖さん/M_KOJO_K35_セクハラコマンド.ERB
429	ERB/口上・メッセージ関連/個人口上/081 Renko [蓮子]/蓮子/M_KOJO_K81_イベント.ERB
428	ERB/口上・メッセージ関連/個人口上/062 Kaguya [輝夜]/輝夜/M_KOJO_K62_絶頂.ERB
426	ERB/口上・メッセージ関連/個人口上/075 Medicine [メディスン]/メディスン/M_KOJO_K75_性交系コマンド.ERB
425	ERB/口上・メッセージ関連/個人口上/026 Yukari [紫]/紫/M_KOJO_K26_イベント.ERB
425	ERB/口上・メッセージ関連/個人口上/030 Eiki [映姫]/映姫様/追加ファイル/M_KOJO_K30_オート喘ぎ(まぐろ)・追加シチュ.ERB
424	ERB/コマンド関連/COMF/日常系/COMF443 固有コマンド.ERB
424	ERB/口上・メッセージ関連/個人口上/019 Lily B [リリーＢ]/リリーブラック　ツンツンver/M_KOJO_K19_イベント.ERB
423	ERB/口上・メッセージ関連/個人口上/038 Koishi [こいし]/TW用古明地こいし/M_KOJO_K38_カウンター.ERB
423	ERB/口上・メッセージ関連/個人口上/068 Yuuka [幽香]/幽香/M_KOJO_K68_イベント.ERB
423	ERB/口上・メッセージ関連/個人口上/099 Toyohime [豊姫]/豊姫/M_KOJO_K99_派生コマンド.ERB
419	ERB/口上・メッセージ関連/個人口上/062 Kaguya [輝夜]/輝夜/M_KOJO_K62_派生コマンド.ERB
418	ERB/口上・メッセージ関連/個人口上/105 Mai (PC-98) [マイ]/マイ/M_KOJO_K105_セクハラコマンド.ERB
416	ERB/口上・メッセージ関連/個人口上/064 Yuugi [勇儀]/勇儀/M_KOJO_K64_セクハラコマンド.ERB
413	ERB/口上・メッセージ関連/個人口上/109 Doremy [ドレミー]/ドレミー/M_KOJO_K109_派生コマンド.ERB
410	ERB/TRANSLATION/OMOGATARI/Reputation.ERB
410	ERB/口上・メッセージ関連/個人口上/124 Okina [隠岐奈]/賑やかし隠岐奈【124】/M_KOJO_K124_性交系コマンド.ERB
409	ERB/CASINO/CASINO.ERB
407	ERB/口上・メッセージ関連/個人口上/055 Byakuren [白蓮]/聖/M_KOJO_K55_性交系コマンド.ERB
407	ERB/口上・メッセージ関連/個人口上/087 Shou [星]/ENShou/M_KOJO_K87_events.ERB
405	ERB/口上・メッセージ関連/個人口上/098 Yorihime [依姫]/依姫/M_KOJO_K98_性交系コマンド.ERB
404	ERB/口上・メッセージ関連/個人口上/038 Koishi [こいし]/TW用古明地こいし/M_KOJO_K38_派生コマンド.ERB
402	ERB/口上・メッセージ関連/個人口上/031 Sanae [早苗]/早苗さん別人版/M_KOJO_K31_1_日常系コマンド.ERB
402	ERB/口上・メッセージ関連/個人口上/063 Kagerou [影狼]/影狼/M_KOJO_K63_イベント.ERB
401	ERB/口上・メッセージ関連/個人口上/038 Koishi [こいし]/Koishi_strmesko/M_KOJO_K38_1_派生コマンド.ERB
400	ERB/口上・メッセージ関連/個人口上/069 Mamizou [マミゾウ]/マミゾウ/M_KOJO_K69_日常系コマンド.ERB
398	ERB/口上・メッセージ関連/個人口上/108 Ringo [鈴瑚]/鈴瑚/M_KOJO_K108_性交系コマンド.ERB
396	ERB/口上・メッセージ関連/個人口上/131 Mayumi [磨弓]/磨弓/M_KOJO_K131_愛撫系コマンド.ERB
393	ERB/TRANSLATION/OMOGATARI/DAILY EVENTS/Lucid Dreams/LUCID_EV27 Don't Shit Your Pants.ERB
392	ERB/口上・メッセージ関連/個人口上/098 Yorihime [依姫]/依姫/M_KOJO_K98_派生コマンド.ERB
389	ERB/口上・メッセージ関連/個人口上/127 Eika [瓔花]/瓔花/M_KOJO_K127_愛撫系コマンド.ERB
387	ERB/口上・メッセージ関連/個人口上/029 Aya [文]/文/M_KOJO_K29_セクハラコマンド.ERB
387	ERB/口上・メッセージ関連/個人口上/060 Parsee [パルスィ]/Parsee/M_KOJO_K60_specialevents.ERB
386	ERB/口上・メッセージ関連/個人口上/030 Eiki [映姫]/映姫様/M_KOJO_K30_セクハラコマンド.ERB
383	ERB/口上・メッセージ関連/個人口上/068 Yuuka [幽香]/幽香/M_KOJO_K68_弾幕勝負.ERB
382	ERB/口上・メッセージ関連/個人口上/031 Sanae [早苗]/早苗さん別人版/M_KOJO_K31_1_イベント.ERB
382	ERB/口上・メッセージ関連/個人口上/097 Seija [正邪]/正邪/M_KOJO_K97_セクハラコマンド.ERB
380	ERB/TRANSLATION/OMOGATARI/Evaluation.ERB
377	ERB/口上・メッセージ関連/個人口上/015 Sakuya [咲夜]/試製咲夜さん Mk-3/M_KOJO_K15_イベント.ERB
377	ERB/口上・メッセージ関連/個人口上/069 Mamizou [マミゾウ]/マミゾウ/M_KOJO_K69_イベント.ERB
373	ERB/口上・メッセージ関連/個人口上/075 Medicine [メディスン]/メディスン/M_KOJO_K75_セクハラコマンド.ERB
373	ERB/口上・メッセージ関連/個人口上/097 Seija [正邪]/正邪/M_KOJO_K97_日記.ERB
371	ERB/口上・メッセージ関連/個人口上/053 Tewi [てゐ]/てゐ/M_KOJO_K53_services.ERB
370	ERB/口上・メッセージ関連/個人口上/079 Hina [雛]/eraTW用鍵山雛口上/M_KOJO_K79_カウンター.ERB
369	ERB/TRANSLATION/OMOGATARI/ITEM/Omogatari_Armory.ERB
368	ERB/口上・メッセージ関連/個人口上/011 Marisa [魔理沙]/eraTW用霧雨魔理沙口上ver,0.03/M_KOJO_K11_奉仕系コマンド.ERB
368	ERB/口上・メッセージ関連/個人口上/076 Komachi [小町]/小町/M_KOJO_K76_奉仕系コマンド.ERB
368	ERB/口上・メッセージ関連/個人口上/087 Shou [星]/era命蓮寺OvDr!! ver1.3用 ふわっと寅丸 星口上ver.6.1【別人加筆版】/M_KOJO_K87_道具系コマンド.ERB
365	ERB/TRANSLATION/OMOGATARI/Omogatari_Set.ERB
365	ERB/口上・メッセージ関連/個人口上/031 Sanae [早苗]/早苗さん別人版/M_KOJO_K31_1_性交系コマンド.ERB
363	ERB/口上・メッセージ関連/個人口上/094 Benben [弁々]/弁々/M_KOJO_K94_性交系コマンド.ERB
363	ERB/口上・メッセージ関連/個人口上/108 Ringo [鈴瑚]/鈴瑚/M_KOJO_K108_セクハラコマンド.ERB
363	ERB/口上・メッセージ関連/個人口上/168 Hourai [Hourai]/[NAS] Hourai/M_KOJO_K147_イベント.ERB
362	ERB/口上・メッセージ関連/EVENT_MESSAGE_COM700.ERB
359	ERB/口上・メッセージ関連/個人口上/059 Koakuma [小悪魔]/小悪魔長髪短髪切り替え/M_KOJO_K59_1_イベント.ERB
358	ERB/口上・メッセージ関連/個人口上/053 Tewi [てゐ]/てゐ/M_KOJO_K53_diary.ERB
358	ERB/口上・メッセージ関連/個人口上/067 Keine [慧音]/TWけね/M_KOJO_K67_愛撫系コマンド.ERB
358	ERB/口上・メッセージ関連/個人口上/108 Ringo [鈴瑚]/鈴瑚/M_KOJO_K108_愛撫系コマンド.ERB
357	ERB/TRANSLATION/OMOGATARI/COMBAT/KNIFE_FIGHT.ERB
356	ERB/TRANSLATION/OMOGATARI/COM/COMF481 Scouter.ERB
354	ERB/口上・メッセージ関連/個人口上/030 Eiki [映姫]/映姫様/M_KOJO_K30_絶頂.ERB
353	ERB/口上・メッセージ関連/個人口上/050 Flandre [フラン]/eraTW別人版フラン口上/M_KOJO_K50_1_イベント.ERB
353	ERB/口上・メッセージ関連/個人口上/074 Letty [レティ]/レティお試しver/M_KOJO_K74_日常系コマンド.ERB
351	ERB/ステータス表示関連/PRINT_STATE2.ERB
351	ERB/口上・メッセージ関連/個人口上/031 Sanae [早苗]/早苗さん別人版/M_KOJO_K31_1_カウンター.ERB
351	ERB/口上・メッセージ関連/個人口上/060 Parsee [パルスィ]/Parsee/M_KOJO_K60_絶頂.ERB
350	ERB/口上・メッセージ関連/個人口上/049 Satori [さとり]/さとり/FONT_AA(通用字符画).erb
349	ERB/口上・メッセージ関連/個人口上/011 Marisa [魔理沙]/eraTW用霧雨魔理沙口上ver,0.03/M_KOJO_K11_コマンド.ERB
348	ERB/口上・メッセージ関連/個人口上/144 Ibaraki's Arm [影華扇]/影華扇口上Ver0.03/M_KOJO_K144_イベント.ERB
347	ERB/口上・メッセージ関連/個人口上/101 Tokiko [朱鷺子]/朱鷺子/M_KOJO_K101_カウンター.ERB
346	ERB/口上・メッセージ関連/個人口上/042 Hatate [はたて]/はたて/M_KOJO_K42_日記.ERB
343	ERB/TRANSLATION/CHEAT/CHEAT.ERB
342	ERB/口上・メッセージ関連/個人口上/068 Yuuka [幽香]/幽香/M_KOJO_K68_セクハラコマンド.ERB
342	ERB/口上・メッセージ関連/個人口上/113 Hecatia [ヘカーティア]/ヘカーティア/M_KOJO_K113_セクハラコマンド.ERB
341	ERB/口上・メッセージ関連/個人口上/001 Reimu [霊夢]/霊夢/M_KOJO_K1_コマンド.ERB
341	ERB/口上・メッセージ関連/個人口上/007 Star [スター]/スターサファイア/M_KOJO_K7_性交系コマンド.ERB
341	ERB/口上・メッセージ関連/個人口上/055 Byakuren [白蓮]/聖/M_KOJO_K55_絶頂.ERB
340	ERB/口上・メッセージ関連/個人口上/027 Wriggle [リグル]/Wriggle/M_KOJO_K27_1_カウンター.ERB
338	ERB/口上・メッセージ関連/個人口上/065 Momiji [椛]/椛/M_KOJO_K65_派生コマンド.ERB
335	ERB/口上・メッセージ関連/個人口上/038 Koishi [こいし]/Koishi_strmesko/M_KOJO_K38_1_セクハラコマンド.ERB
335	ERB/口上・メッセージ関連/個人口上/038 Koishi [こいし]/TW用古明地こいし/M_KOJO_K38_セクハラコマンド.ERB
335	ERB/口上・メッセージ関連/個人口上/096 Raiko [雷鼓]/雷鼓/M_KOJO_K96_セクハラコマンド.ERB
333	ERB/TRANSLATION/Addition/Add_Item.ERB
333	ERB/口上・メッセージ関連/個人口上/042 Hatate [はたて]/はたて/M_KOJO_K42_弾幕勝負.ERB
332	ERB/口上・メッセージ関連/個人口上/060 Parsee [パルスィ]/Parsee/M_KOJO_K60_派生コマンド.ERB
330	ERB/TRANSLATION/OMOGATARI/OMO/PottyMonster.ERB
330	ERB/口上・メッセージ関連/個人口上/102 Shinki [神綺]/[NAS] Shinki/Shinki Questline 0.ERB
327	ERB/口上・メッセージ関連/個人口上/065 Momiji [椛]/椛/M_KOJO_K65_奉仕系コマンド.ERB
327	ERB/口上・メッセージ関連/個人口上/101 Tokiko [朱鷺子]/朱鷺子/M_KOJO_K101_愛撫系コマンド.ERB
326	ERB/口上・メッセージ関連/個人口上/065 Momiji [椛]/椛/M_KOJO_K65_愛撫系コマンド.ERB
326	ERB/口上・メッセージ関連/個人口上/119 Nemuno [ネムノ]/ENNemuno/M_KOJO_K119_counters.ERB
324	ERB/TRANSLATION/OMOGATARI/CHARA/161 Rin Satsuki/165 Rin Satsuki/M_KOJO_K165_events.ERB
323	ERB/口上・メッセージ関連/個人口上/109 Doremy [ドレミー]/ドレミー/M_KOJO_K109_奉仕系コマンド.ERB
322	ERB/口上・メッセージ関連/個人口上/082 Maribel [メリー]/メリー/M_KOJO_K82_性交系コマンド.ERB
318	ERB/口上・メッセージ関連/個人口上/060 Parsee [パルスィ]/Parsee/M_KOJO_K60_日記.ERB
318	ERB/口上・メッセージ関連/個人口上/075 Medicine [メディスン]/メディスン/M_KOJO_K75_絶頂.ERB
317	ERB/口上・メッセージ関連/個人口上/023 Youmu [妖夢]/妖夢/M_KOJO_K23_イベント.ERB
316	ERB/口上・メッセージ関連/個人口上/023 Youmu [妖夢]/妖夢別人改変版/M_KOJO_K23_1_依頼.ERB
316	ERB/口上・メッセージ関連/個人口上/065 Momiji [椛]/椛/M_KOJO_K65_絶頂.ERB
315	ERB/口上・メッセージ関連/EVENT_MESSAGE_COM80~.ERB
315	ERB/口上・メッセージ関連/個人口上/004 Mima [魅魔]/魅魔/M_KOJO_K4_絶頂.ERB
315	ERB/口上・メッセージ関連/個人口上/101 Tokiko [朱鷺子]/朱鷺子/M_KOJO_K101_セクハラコマンド.ERB
314	ERB/口上・メッセージ関連/個人口上/057 Kokoro [こころ]/TW用秦こころ(賑やかし版)/M_KOJO_K57_カウンター.ERB
313	ERB/口上・メッセージ関連/個人口上/013 Daiyousei [大妖精]/大妖精/M_KOJO_K13_性交系コマンド.ERB
313	ERB/口上・メッセージ関連/個人口上/082 Maribel [メリー]/メリー/M_KOJO_K82_愛撫系コマンド.ERB
313	ERB/口上・メッセージ関連/個人口上/124 Okina [隠岐奈]/賑やかし隠岐奈【124】/M_KOJO_K124_セクハラコマンド.ERB
312	ERB/口上・メッセージ関連/個人口上/050 Flandre [フラン]/【50】011 フラン 1/MAIN/UI/HELP.ERB
312	ERB/口上・メッセージ関連/個人口上/120 Aunn [あうん]/賑やかしあうん【120】/M_KOJO_K120_奉仕系コマンド.ERB
311	ERB/TRANSLATION/OMOGATARI/Factions/Faction Editor.ERB
311	ERB/口上・メッセージ関連/個人口上/050 Flandre [フラン]/【50】011 フラン 1/MAIN/SYSTEM/SETTING.ERB
311	ERB/口上・メッセージ関連/個人口上/103 Yumeko [夢子]/強気デレ夢子/M_KOJO_K103_06_愛撫系コマンド.ERB
310	ERB/TRANSLATION/OMOGATARI/CHARA/161 Rin Satsuki/165 Rin Satsuki/M_KOJO_K165_everyday_commmands.ERB
310	ERB/口上・メッセージ関連/個人口上/102 Shinki [神綺]/[NAS] Shinki/DAILY_EV908 Shinki Caregiver/K102_Psychiatrist.ERB
309	ERB/口上・メッセージ関連/個人口上/038 Koishi [こいし]/Koishi_strmesko/M_KOJO_K38_1_奉仕系コマンド.ERB
308	ERB/口上・メッセージ関連/個人口上/006 Luna [ルナ]/ルナチャイルド/M_KOJO_K6_性交系コマンド.ERB
308	ERB/口上・メッセージ関連/個人口上/127 Eika [瓔花]/瓔花/M_KOJO_K127_奉仕系コマンド.ERB
308	ERB/天候管理拡張.ERB
307	ERB/口上・メッセージ関連/個人口上/038 Koishi [こいし]/TW用古明地こいし/M_KOJO_K38_奉仕系コマンド.ERB
307	ERB/口上・メッセージ関連/個人口上/124 Okina [隠岐奈]/賑やかし隠岐奈【124】/M_KOJO_K124_愛撫系コマンド.ERB
306	ERB/口上・メッセージ関連/個人口上/105 Mai (PC-98) [マイ]/マイ/M_KOJO_K105_加虐系コマンド.ERB
304	ERB/口上・メッセージ関連/個人口上/049 Satori [さとり]/さとり/M_KOJO_K49_絶頂.ERB
303	ERB/口上・メッセージ関連/個人口上/036 Orin [お燐]/Orin/M_KOJO_K36_性交系コマンド.ERB
303	ERB/口上・メッセージ関連/個人口上/106 Sumireko [菫子]/菫子/M_KOJO_K106_イベント .ERB
303	ERB/口上・メッセージ関連/個人口上/131 Mayumi [磨弓]/磨弓/M_KOJO_K131_セクハラコマンド.ERB
302	ERB/口上・メッセージ関連/個人口上/093 Wakasagihime [わかさぎ姫]/ENWaggy/M_KOJO_K93_childcare_events.ERB
301	ERB/口上・メッセージ関連/個人口上/012 Rumia [ルーミア]/ルーミア/M_KOJO_K12_性交系コマンド.ERB
299	ERB/口上・メッセージ関連/個人口上/052 Reisen [鈴仙]/鈴仙/M_KOJO_K52_愛撫系コマンド.ERB
299	ERB/口上・メッセージ関連/個人口上/084 Yamame [ヤマメ]/ヤマメ(未完了)/M_KOJO_K84_イベント.ERB
299	ERB/口上・メッセージ関連/個人口上/099 Toyohime [豊姫]/豊姫/M_KOJO_K99_絶頂.ERB
298	ERB/口上・メッセージ関連/個人口上/070 Kosuzu [小鈴]/Kosuzu JP/M_KOJO_K70_日記.ERB
298	ERB/口上・メッセージ関連/個人口上/100 Rei'sen [レイセン]/レイセン/M_KOJO_K100_セクハラコマンド.ERB
297	ERB/口上・メッセージ関連/個人口上/070 Kosuzu [小鈴]/小鈴/M_KOJO_K70_日記.ERB
296	ERB/口上・メッセージ関連/個人口上/110 Sagume [サグメ]/サグメ/M_KOJO_K110_絶頂.ERB
295	ERB/口上・メッセージ関連/個人口上/068 Yuuka [幽香]/幽香/M_KOJO_K68_カウンター.ERB
295	ERB/口上・メッセージ関連/個人口上/095 Yatsuhashi [八橋]/八橋/M_KOJO_K95_性交系コマンド.ERB
294	ERB/口上・メッセージ関連/個人口上/037 Okuu [お空]/カウンターお空/M_KOJO_K37_絶頂.ERB
294	ERB/口上・メッセージ関連/個人口上/079 Hina [雛]/eraTW用鍵山雛口上/M_KOJO_K79_道具系コマンド.ERB
293	ERB/イベント関連/デイリーイベント/DAILY_EV23 訪問販売.ERB
293	ERB/口上・メッセージ関連/個人口上/004 Mima [魅魔]/魅魔/M_KOJO_K4_日常系コマンド.ERB
293	ERB/口上・メッセージ関連/個人口上/017 Alice [アリス]/アリス/M_KOJO_K17_性交系コマンド.ERB
293	ERB/口上・メッセージ関連/個人口上/037 Okuu [お空]/カウンターお空/M_KOJO_K37_日常.ERB
293	ERB/口上・メッセージ関連/個人口上/062 Kaguya [輝夜]/輝夜/M_KOJO_K62_カウンター.ERB
293	ERB/口上・メッセージ関連/個人口上/105 Mai (PC-98) [マイ]/マイ/M_KOJO_K105_愛撫系コマンド.ERB
292	ERB/ステータス表示関連/INFO.ERB
292	ERB/口上・メッセージ関連/個人口上/099 Toyohime [豊姫]/豊姫/M_KOJO_K99_奉仕系コマンド.ERB
290	ERB/TRANSLATION/OMOGATARI/DAILY EVENTS/Lucid Dreams/LUCID_EV24 Doremy's Diaper Domain (Bondage).ERB
290	ERB/口上・メッセージ関連/個人口上/023 Youmu [妖夢]/妖夢別人改変版/M_KOJO_K23_1_絶頂.ERB
290	ERB/口上・メッセージ関連/個人口上/113 Hecatia [ヘカーティア]/ヘカーティア/M_KOJO_K113_育児イベント.ERB
289	ERB/口上・メッセージ関連/個人口上/065 Momiji [椛]/椛/M_KOJO_K65_イベント.ERB
288	ERB/口上・メッセージ関連/個人口上/102 Shinki [神綺]/[NAS] Shinki/DAILY_EV908 Shinki Caregiver/K102_Punishment_PottyBondage.ERB
287	ERB/口上・メッセージ関連/個人口上/025 Ran [藍]/藍/M_KOJO_K25_性交系コマンド.ERB
285	ERB/口上・メッセージ関連/個人口上/093 Wakasagihime [わかさぎ姫]/ENWaggy/M_KOJO_K93_counters.ERB
285	ERB/口上・メッセージ関連/個人口上/103 Yumeko [夢子]/強気デレ夢子/M_KOJO_K103_12_性交系コマンド.ERB
284	ERB/口上・メッセージ関連/個人口上/060 Parsee [パルスィ]/Parsee/M_KOJO_K60_奉仕系コマンド.ERB
281	ERB/口上・メッセージ関連/個人口上/098 Yorihime [依姫]/依姫/M_KOJO_K98_セクハラコマンド.ERB
278	ERB/口上・メッセージ関連/EVENT_MESSAGE_挿入系COM/EVENT_MESSAGE_その他挿入系.ERB
278	ERB/口上・メッセージ関連/個人口上/050 Flandre [フラン]/egg/M_KOJO_K50_2_everyday_commmands.ERB
276	ERB/TRANSLATION/OMOGATARI/TUTORIAL/Tutorial Dictionary.ERB
274	ERB/口上・メッセージ関連/個人口上/062 Kaguya [輝夜]/輝夜/M_KOJO_K62_輝夜用関数.ERB
274	ERB/口上・メッセージ関連/個人口上/082 Maribel [メリー]/メリー/M_KOJO_K82_絶頂.ERB
274	ERB/口上・メッセージ関連/個人口上/097 Seija [正邪]/正邪/M_KOJO_K97_絶頂.ERB
273	ERB/口上・メッセージ関連/個人口上/060 Parsee [パルスィ]/Parsee/M_KOJO_K60_コマンド.ERB
273	ERB/口上・メッセージ関連/個人口上/062 Kaguya [輝夜]/輝夜/M_KOJO_K62_愛撫系コマンド.ERB
272	ERB/口上・メッセージ関連/個人口上/142 Momoyo [百々世]/Momoyo/M_KOJO_K142_counters.ERB
271	ERB/口上・メッセージ関連/個人口上/018 Lily W [リリーＷ]/リリーＷ口上测试版v1.01/m_kojo_k18_イベント_EXTRA.ERB
271	ERB/口上・メッセージ関連/個人口上/087 Shou [星]/era命蓮寺OvDr!! ver1.3用 ふわっと寅丸 星口上ver.6.1【別人加筆版】/M_KOJO_K87_絶頂.ERB
271	ERB/口上・メッセージ関連/個人口上/139 Tsukasa [典]/典/M_KOJO_K139_育児イベント2.ERB
270	ERB/口上・メッセージ関連/個人口上/055 Byakuren [白蓮]/聖/M_KOJO_K55_セクハラコマンド.ERB
269	ERB/口上・メッセージ関連/個人口上/124 Okina [隠岐奈]/賑やかし隠岐奈【124】/M_KOJO_K124_育児イベント.ERB
269	ERB/口上・メッセージ関連/個人口上/153 Shanghai [Shanghai]/[NAS] Shanghai/M_KOJO_K146_イベント.ERB
268	ERB/TRANSLATION/OMOGATARI/DAILY EVENTS/DAILY_EV905 ABDL Salesman.ERB
268	ERB/口上・メッセージ関連/個人口上/018 Lily W [リリーＷ]/リリーＷ口上测试版v1.01/M_KOJO_K18_奉仕系.ERB
268	ERB/口上・メッセージ関連/個人口上/087 Shou [星]/ENShou/M_KOJO_K87_sexual_harassment_commands.ERB
267	ERB/口上・メッセージ関連/個人口上/068 Yuuka [幽香]/幽香/M_KOJO_K68_愛撫系コマンド.ERB
267	ERB/口上・メッセージ関連/個人口上/110 Sagume [サグメ]/サグメ/M_KOJO_K110_愛撫系コマンド.ERB
267	ERB/口上・メッセージ関連/個人口上/143 Yuuma [尤魔]/尤魔/M_KOJO_K143_関数ライブラリ.ERB
266	ERB/口上・メッセージ関連/個人口上/011 Marisa [魔理沙]/eraTW用霧雨魔理沙口上ver,0.03/M_KOJO_K11_セクハラコマンド.ERB
266	ERB/口上・メッセージ関連/個人口上/060 Parsee [パルスィ]/Parsee/M_KOJO_K60_セクハラコマンド.ERB
265	ERB/口上・メッセージ関連/個人口上/011 Marisa [魔理沙]/eraTW用霧雨魔理沙口上ver,0.03/M_KOJO_K11_カウンター.ERB
265	ERB/口上・メッセージ関連/個人口上/087 Shou [星]/era命蓮寺OvDr!! ver1.3用 ふわっと寅丸 星口上ver.6.1【別人加筆版】/M_KOJO_K87_セクハラコマンド.ERB
265	ERB/口上・メッセージ関連/個人口上/098 Yorihime [依姫]/依姫/M_KOJO_K98_絶頂.ERB
264	ERB/口上・メッセージ関連/個人口上/037 Okuu [お空]/カウンターお空/M_KOJO_K37_イベント.ERB
263	ERB/口上・メッセージ関連/個人口上/015 Sakuya [咲夜]/試製咲夜さん Mk-3/M_KOJO_K15_性交系コマンド.ERB
263	ERB/口上・メッセージ関連/個人口上/050 Flandre [フラン]/eraTW別人版フラン口上/M_KOJO_K50_1_性交系コマンド.ERB
263	ERB/口上・メッセージ関連/個人口上/052 Reisen [鈴仙]/鈴仙/M_KOJO_K52_奉仕系コマンド.ERB
262	ERB/口上・メッセージ関連/個人口上/005 Sunny [サニー]/サニーミルク/M_KOJO_K5_カウンター.ERB
262	ERB/口上・メッセージ関連/個人口上/022 Lunasa [ルナサ]/ルナサ/M_KOJO_K22_イベント.ERB
261	ERB/口上・メッセージ関連/個人口上/035 Iku [衣玖]/衣玖さん/M_KOJO_K35_性交系コマンド.ERB
259	ERB/口上・メッセージ関連/個人口上/001 Reimu [霊夢]/霊夢/M_KOJO_K1_道具系コマンド.ERB
259	ERB/口上・メッセージ関連/個人口上/074 Letty [レティ]/キャノボ風レティ/M_KOJO_K74_イベント.ERB
259	ERB/口上・メッセージ関連/個人口上/079 Hina [雛]/eraTW用鍵山雛口上/M_KOJO_K79_派生コマンド.ERB
259	ERB/口上・メッセージ関連/個人口上/126 Shion [紫苑]/紫苑/M_KOJO_K126_性交系コマンド.ERB
258	ERB/TRANSLATION/OMOGATARI/DAILY EVENTS/DAILY_EV901 Bedwetting.ERB
258	ERB/口上・メッセージ関連/個人口上/101 Tokiko [朱鷺子]/朱鷺子/M_KOJO_K101_絶頂 .ERB
257	ERB/口上・メッセージ関連/個人口上/006 Luna [ルナ]/ルナチャイルド/M_KOJO_K6_日記.ERB
257	ERB/口上・メッセージ関連/個人口上/097 Seija [正邪]/正邪/M_KOJO_K97_COUNTER.ERB
256	ERB/口上・メッセージ関連/個人口上/027 Wriggle [リグル]/リグル/M_KOJO_K27_愛撫系コマンド.ERB
254	ERB/口上・メッセージ関連/個人口上/055 Byakuren [白蓮]/聖/M_KOJO_K55_奉仕系コマンド.ERB
254	ERB/口上・メッセージ関連/個人口上/125 Joon [女苑]/女苑/M_KOJO_K125_イベント .ERB
253	ERB/口上・メッセージ関連/個人口上/002 Ruukoto [る～こと]/る～こと/M_KOJO_K2_日常系コマンド.ERB
253	ERB/口上・メッセージ関連/個人口上/041 Nue [ぬえ]/era命蓮寺OvDr!! ver1.35用 ツン≦デレ封獣ぬえ口上ver0.12/M_KOJO_K41_FUNC.ERB
253	ERB/口上・メッセージ関連/個人口上/097 Seija [正邪]/正邪/M_KOJO_K97_FUNC.ERB
253	ERB/口上・メッセージ関連/個人口上/100 Rei'sen [レイセン]/レイセン/M_KOJO_K100_奉仕系コマンド.ERB
252	ERB/口上・メッセージ関連/個人口上/097 Seija [正邪]/正邪/M_KOJO_K97_コマンド.ERB
251	ERB/口上・メッセージ関連/個人口上/083 Kisume [キスメ]/キスメ/M_KOJO_K83_日記.ERB
250	ERB/口上・メッセージ関連/個人口上/139 Tsukasa [典]/典/M_KOJO_K139_弾幕勝負.ERB
249	ERB/口上・メッセージ関連/個人口上/001 Reimu [霊夢]/霊夢/M_KOJO_K1_絶頂.ERB
249	ERB/口上・メッセージ関連/個人口上/079 Hina [雛]/eraTW用鍵山雛口上/M_KOJO_K79_セクハラコマンド.ERB
249	ERB/口上・メッセージ関連/個人口上/092 Futo [布都]/布都/M_KOJO_K92_イベント.ERB
248	ERB/口上・メッセージ関連/個人口上/001 Reimu [霊夢]/霊夢/M_KOJO_K1_奉仕系コマンド.ERB
247	ERB/ANOTHER_TALK.ERB
247	ERB/コマンド関連/COMF/日常系/COMF481 スカウター.ERB
247	ERB/口上・メッセージ関連/個人口上/126 Shion [紫苑]/紫苑/M_KOJO_K126_イベント .ERB
246	ERB/口上・メッセージ関連/個人口上/070 Kosuzu [小鈴]/Kosuzu JP/M_KOJO_K70_03_愛撫系コマンド.ERB
246	ERB/口上・メッセージ関連/個人口上/085 Ichirin [一輪]/一輪試作/M_KOJO_K85_性交系コマンド.ERB
245	ERB/口上・メッセージ関連/個人口上/030 Eiki [映姫]/映姫様/M_KOJO_K30_依頼.ERB
245	ERB/口上・メッセージ関連/個人口上/074 Letty [レティ]/レティお試しver/M_KOJO_K74_イベント.ERB
244	ERB/口上・メッセージ関連/個人口上/018 Lily W [リリーＷ]/リリーＷ口上测试版v1.01/Lilywhite_cosplay.ERB
244	ERB/口上・メッセージ関連/個人口上/068 Yuuka [幽香]/幽香/M_KOJO_K68_絶頂.ERB
243	ERB/イベント関連/デイリーイベント/DAILY_EV28 通い狼.ERB
243	ERB/口上・メッセージ関連/個人口上/064 Yuugi [勇儀]/勇儀/M_KOJO_K64_奉仕系コマンド.ERB
242	ERB/TRANSLATION/OMOGATARI/CHARA/060 Parsee [パルスィ]/M_KOJO_K60_NAS_EVENT.ERB
241	ERB/TRANSLATION/OMOGATARI/DAILY EVENTS/DAILY_EV903 Sleep Rape Events.ERB
241	ERB/口上・メッセージ関連/個人口上/124 Okina [隠岐奈]/賑やかし隠岐奈【124】/M_KOJO_K124_絶頂.ERB
240	ERB/口上・メッセージ関連/個人口上/125 Joon [女苑]/女苑/M_KOJO_K125_性交系コマンド.ERB
239	ERB/口上・メッセージ関連/個人口上/117 Gengetsu [幻月]/幻月/M_KOJO_K117_愛撫系コマンド.ERB
238	ERB/口上・メッセージ関連/個人口上/047 Rika [里香]/里香/M_KOJO_K47_イベント.ERB
238	ERB/口上・メッセージ関連/個人口上/047 Rika [里香]/里香/M_KOJO_K47_性交系コマンド.ERB
238	ERB/口上・メッセージ関連/個人口上/070 Kosuzu [小鈴]/Kosuzu JP/M_KOJO_K70_04_奉仕系コマンド.ERB
237	ERB/TRANSLATION/OMOGATARI/CHARA/Generic (Serious)/M_KOJO_KX_イベント.ERB
237	ERB/口上・メッセージ関連/個人口上/007 Star [スター]/スターサファイア/M_KOJO_K7_カウンター.ERB
237	ERB/口上・メッセージ関連/個人口上/011 Marisa [魔理沙]/eraTW用霧雨魔理沙口上ver,0.03/M_KOJO_K11_道具系コマンド.ERB
237	ERB/口上・メッセージ関連/個人口上/096 Raiko [雷鼓]/雷鼓/M_KOJO_K96_絶頂.ERB
237	ERB/口上・メッセージ関連/個人口上/117 Gengetsu [幻月]/幻月/M_KOJO_K117_性交系コマンド.ERB
236	ERB/ステータス表示関連/能力表示.ERB
235	ERB/口上・メッセージ関連/個人口上/052 Reisen [鈴仙]/鈴仙/M_KOJO_K52_刻印取得.ERB
234	ERB/口上・メッセージ関連/個人口上/080 Akyuu [阿求]/阿求/M_KOJO_K80_性交系コマンド.ERB
234	ERB/口上・メッセージ関連/個人口上/102 Shinki [神綺]/[NAS] Shinki/M_KOJO_K102_NAS_EVENT.ERB
233	ERB/TRANSLATION/OMOGATARI/CHARA/Generic (Timid)/M_KOJO_KX_イベント.ERB
233	ERB/口上・メッセージ関連/個人口上/079 Hina [雛]/eraTW用鍵山雛口上/M_KOJO_K79_絶頂.ERB
232	ERB/TRANSLATION/OMOGATARI/REVERSE CHARAMAKE/Onboarding.ERB
232	ERB/口上・メッセージ関連/個人口上/065 Momiji [椛]/椛/M_KOJO_K65_弾幕勝負.ERB
232	ERB/口上・メッセージ関連/個人口上/067 Keine [慧音]/TWけね/M_KOJO_K67_奉仕系コマンド.ERB
232	ERB/口上・メッセージ関連/個人口上/093 Wakasagihime [わかさぎ姫]/ENWaggy/M_K93_trainmessages.ERB
230	ERB/TRANSLATION/OMOGATARI/LORE/NewspaperOtherBullshit.ERB
230	ERB/口上・メッセージ関連/EVENT_MESSAGE_派生COM.ERB
230	ERB/口上・メッセージ関連/個人口上/036 Orin [お燐]/TWお燐口上/M_KOJO_K36_イベント.ERB
229	ERB/口上・メッセージ関連/個人口上/093 Wakasagihime [わかさぎ姫]/ENWaggy/M_KOJO_K93_hypnosis.ERB
227	ERB/口上・メッセージ関連/個人口上/015 Sakuya [咲夜]/少女長咲夜/M_KOJO_K15_1_イベント.ERB
227	ERB/口上・メッセージ関連/個人口上/032 Kanako [神奈子]/神奈子様/M_KOJO_K32_イベント.ERB
226	ERB/口上・メッセージ関連/個人口上/005 Sunny [サニー]/サニーミルク/M_KOJO_K5_育児イベント.ERB
226	ERB/口上・メッセージ関連/個人口上/130 Yachie [八千慧]/八千慧/M_KOJO_K130_セクハラコマンド.ERB
224	ERB/口上・メッセージ関連/個人口上/055 Byakuren [白蓮]/聖/M_KOJO_K55_派生コマンド.ERB
224	ERB/口上・メッセージ関連/個人口上/102 Shinki [神綺]/[NAS] Shinki/Path A - Daughter of Lucifer/M_KOJO_K102_CH2.0A[Like Clockwork].ERB
223	ERB/コマンド関連/COMF/外出系/STONELEVEL.ERB
223	ERB/口上・メッセージ関連/個人口上/029 Aya [文]/文/M_KOJO_K29_道具系コマンド.ERB
222	ERB/口上・メッセージ関連/個人口上/015 Sakuya [咲夜]/Sakuya/M_KOJO_K15_性交系コマンド.ERB
222	ERB/口上・メッセージ関連/個人口上/022 Lunasa [ルナサ]/ルナサ/M_KOJO_K22_日常系コマンド.ERB
222	ERB/口上・メッセージ関連/個人口上/090 Seiga [青娥]/青娥/M_KOJO_K90_絶頂.ERB
222	ERB/口上・メッセージ関連/個人口上/094 Benben [弁々]/弁々/M_KOJO_K94_派生コマンド.ERB
220	ERB/口上・メッセージ関連/個人口上/133 Saki [早鬼]/早鬼/M_KOJO_K133_セクハラコマンド.ERB
219	ERB/口上・メッセージ関連/個人口上/010 Suika [萃香]/萃香/M_KOJO_K10_イベント.ERB
219	ERB/口上・メッセージ関連/個人口上/102 Shinki [神綺]/[NAS] Shinki/M_KOJO_K102_X2_日記.ERB
218	ERB/口上・メッセージ関連/個人口上/001 Reimu [霊夢]/霊夢/M_KOJO_K1_派生コマンド.ERB
218	ERB/口上・メッセージ関連/個人口上/004 Mima [魅魔]/魅魔/M_KOJO_K4_イベント.ERB
218	ERB/口上・メッセージ関連/個人口上/012 Rumia [ルーミア]/ルーミア/M_KOJO_K12_絶頂.ERB
218	ERB/口上・メッセージ関連/個人口上/098 Yorihime [依姫]/依姫/M_KOJO_K98_奉仕系コマンド.ERB
217	ERB/口上・メッセージ関連/個人口上/067 Keine [慧音]/TWけね/M_KOJO_K67_日常系コマンド.ERB
217	ERB/口上・メッセージ関連/個人口上/094 Benben [弁々]/弁々/M_KOJO_K94_絶頂.ERB
217	ERB/口上・メッセージ関連/個人口上/131 Mayumi [磨弓]/磨弓/M_KOJO_K131_育児イベント.ERB
216	ERB/口上・メッセージ関連/個人口上/002 Ruukoto [る～こと]/る～こと/M_KOJO_K2_イベント.ERB
216	ERB/口上・メッセージ関連/個人口上/129 Kutaka [久侘歌]/久侘歌/M_KOJO_K129_セクハラコマンド.ERB
214	ERB/口上・メッセージ関連/個人口上/034 Tenshi [天子]/天子/M_KOJO_K34_性交系コマンド.ERB
214	ERB/口上・メッセージ関連/個人口上/040 Kogasa [小傘]/小傘/M_KOJO_K40_コマンド.ERB
214	ERB/口上・メッセージ関連/個人口上/050 Flandre [フラン]/eTWたらこフラン/M_KOJO_K50_イベント.ERB
214	ERB/口上・メッセージ関連/個人口上/173 Sendai Hakurei [先代]/【158】先代/M_KOJO_K158_性交系コマンド.ERB
213	ERB/TRANSLATION/OMOGATARI/COM616 Edits.ERB
212	ERB/TRANSLATION/OMOGATARI/HealthInsurance.ERB
212	ERB/口上・メッセージ関連/個人口上/069 Mamizou [マミゾウ]/マミゾウ別人変身対応版/派生口上/70_小鈴/M_KOJO_K69_K70_1_イベント.ERB
212	ERB/口上・メッセージ関連/個人口上/095 Yatsuhashi [八橋]/八橋/M_KOJO_K95_派生コマンド.ERB
211	ERB/TRANSLATION/OMOGATARI/DAILY EVENTS/Lucid Dreams/LUCID_EV30 Doremy's Diaper Domain (Enema).ERB
211	ERB/TRANSLATION/QOL/QoL_Misc.ERB
211	ERB/口上・メッセージ関連/EVENT_MESSAGE_COM_道具系.ERB
211	ERB/口上・メッセージ関連/個人口上/053 Tewi [てゐ]/てゐ_別人版_ver0.1.1/M_KOJO_K53_1_絶頂.ERB
210	ERB/口上・メッセージ関連/個人口上/032 Kanako [神奈子]/神奈子様/M_KOJO_K32_カウンター.ERB
210	ERB/口上・メッセージ関連/個人口上/069 Mamizou [マミゾウ]/マミゾウ別人変身対応版/派生口上/M_KOJO_K69_1_絶頂_拡張 .ERB
209	ERB/TRANSLATION/OMOGATARI/COM/COMF447 Set Up A Stall.ERB
209	ERB/TRANSLATION/QOL/Com_Stuff.ERB
209	ERB/口上・メッセージ関連/個人口上/100 Rei'sen [レイセン]/レイセン/M_KOJO_K100_道具系コマンド.ERB
209	ERB/口上・メッセージ関連/個人口上/109 Doremy [ドレミー]/ドレミー/M_KOJO_K109_育児イベント.ERB
208	ERB/口上・メッセージ関連/個人口上/009 Yumemi [夢美]/夢美/M_KOJO_K9_愛撫系コマンド.ERB
208	ERB/口上・メッセージ関連/個人口上/102 Shinki [神綺]/[NAS] Shinki/M_KOJO_K102_NAS_EVENT_OMO.ERB
208	ERB/口上・メッセージ関連/個人口上/120 Aunn [あうん]/AunnJP/M_KOJO_K120_1_イベント.ERB
207	ERB/口上・メッセージ関連/個人口上/023 Youmu [妖夢]/妖夢別人改変版/M_KOJO_K23_1_道具系コマンド.ERB
206	ERB/口上・メッセージ関連/個人口上/106 Sumireko [菫子]/菫子/M_KOJO_K106_日常系コマンド.ERB
205	ERB/口上・メッセージ関連/個人口上/094 Benben [弁々]/弁々/M_KOJO_K94_カウンター.ERB
205	ERB/口上・メッセージ関連/個人口上/098 Yorihime [依姫]/依姫/M_KOJO_K98_カウンター.ERB
205	ERB/口上・メッセージ関連/個人口上/108 Ringo [鈴瑚]/鈴瑚/M_KOJO_K108_育児イベント.ERB
205	ERB/口上・メッセージ関連/個人口上/131 Mayumi [磨弓]/磨弓/M_KOJO_K131_派生コマンド.ERB
204	ERB/口上・メッセージ関連/個人口上/006 Luna [ルナ]/ルナチャイルド/M_KOJO_K6_育児イベント.ERB
204	ERB/口上・メッセージ関連/個人口上/027 Wriggle [リグル]/Wriggle/M_KOJO_K27_1_日記.ERB
204	ERB/口上・メッセージ関連/個人口上/060 Parsee [パルスィ]/Parsee/M_KOJO_K60_加虐系コマンド.ERB
204	ERB/口上・メッセージ関連/個人口上/071 Shinmyoumaru [針妙丸]/針妙丸/M_KOJO_K71_日常系コマンド.ERB
203	ERB/CASINO/駒草の賭場.ERB
203	ERB/口上・メッセージ関連/個人口上/095 Yatsuhashi [八橋]/八橋/M_KOJO_K95_絶頂.ERB
203	ERB/口上・メッセージ関連/個人口上/111 Clownpiece [クラウンピース]/クラウンピース/M_KOJO_K111_育児イベント.ERB
201	ERB/口上・メッセージ関連/個人口上/080 Akyuu [阿求]/阿求/M_KOJO_K80_愛撫系コマンド.ERB
200	ERB/口上・メッセージ関連/個人口上/036 Orin [お燐]/Orin/M_KOJO_K36_愛撫系コマンド.ERB
200	ERB/口上・メッセージ関連/個人口上/067 Keine [慧音]/TWけね/M_KOJO_K67_道具系コマンド.ERB
200	ERB/口上・メッセージ関連/個人口上/104 Yuki [ユキ]/ユキ/M_KOJO_K104_セクハラコマンド.ERB
200	ERB/口上・メッセージ関連/個人口上/117 Gengetsu [幻月]/幻月/M_KOJO_K117_コマンド.ERB
199	ERB/TRANSLATION/OMOGATARI/Factions/FactionUI.ERB
199	ERB/口上・メッセージ関連/個人口上/034 Tenshi [天子]/天子/M_KOJO_K34_イベント.ERB
199	ERB/口上・メッセージ関連/個人口上/057 Kokoro [こころ]/TW用秦こころ(賑やかし版)/M_KOJO_K57_愛撫系コマンド.ERB
199	ERB/口上・メッセージ関連/個人口上/095 Yatsuhashi [八橋]/八橋/M_KOJO_K95_カウンター.ERB
199	ERB/口上・メッセージ関連/個人口上/096 Raiko [雷鼓]/雷鼓/M_KOJO_K96_派生コマンド.ERB
199	ERB/口上・メッセージ関連/個人口上/173 Sendai Hakurei [先代]/【158】先代/M_KOJO_K158_イベント SAVE.ERB
198	ERB/口上・メッセージ関連/個人口上/064 Yuugi [勇儀]/勇儀/M_KOJO_K64_愛撫系コマンド.ERB
198	ERB/口上・メッセージ関連/個人口上/065 Momiji [椛]/椛/M_KOJO_K65_カウンター.ERB
198	ERB/口上・メッセージ関連/個人口上/090 Seiga [青娥]/青娥/M_KOJO_K90_愛撫系コマンド.ERB
196	ERB/口上・メッセージ関連/個人口上/006 Luna [ルナ]/ルナチャイルド/M_KOJO_K6_カウンター.ERB
196	ERB/口上・メッセージ関連/個人口上/066 Yuyuko [幽々子]/幽々子/口上/M_KOJO_K66_絶頂.ERB
196	ERB/口上・メッセージ関連/個人口上/074 Letty [レティ]/キャノボ風レティ/M_KOJO_K74_日常系コマンド.ERB
196	ERB/口上・メッセージ関連/個人口上/107 Seiran [清蘭]/清蘭/M_KOJO_K107_派生コマンド.ERB
196	ERB/口上・メッセージ関連/個人口上/113 Hecatia [ヘカーティア]/ヘカーティア/M_KOJO_K113_派生コマンド.ERB
196	ERB/口上・メッセージ関連/個人口上/139 Tsukasa [典]/典/M_KOJO_K139_依頼.ERB
195	ERB/口上・メッセージ関連/個人口上/065 Momiji [椛]/椛/M_KOJO_K65_セクハラコマンド.ERB
195	ERB/口上・メッセージ関連/個人口上/079 Hina [雛]/eraTW用鍵山雛口上/M_KOJO_K79_奉仕系コマンド.ERB
195	ERB/口上・メッセージ関連/個人口上/123 Satono [里乃]/賑やかし里乃【123】/M_KOJO_K123_愛撫系コマンド.ERB
194	ERB/口上・メッセージ関連/個人口上/085 Ichirin [一輪]/一輪試作/M_KOJO_K85_愛撫系コマンド.ERB
194	ERB/口上・メッセージ関連/個人口上/101 Tokiko [朱鷺子]/朱鷺子/M_KOJO_K101_奉仕系コマンド.ERB
193	ERB/口上・メッセージ関連/個人口上/057 Kokoro [こころ]/TW用秦こころ(賑やかし版)/M_KOJO_K57_イベント.ERB
192	ERB/口上・メッセージ関連/個人口上/027 Wriggle [リグル]/Wriggle/M_KOJO_K27_1_絶頂.ERB
192	ERB/口上・メッセージ関連/個人口上/093 Wakasagihime [わかさぎ姫]/ENWaggy/M_KOJO_93_requests.ERB
191	ERB/口上・メッセージ関連/個人口上/009 Yumemi [夢美]/夢美/M_KOJO_K9_カウンター.ERB
191	ERB/口上・メッセージ関連/個人口上/027 Wriggle [リグル]/リグル/M_KOJO_K27_絶頂.ERB
191	ERB/口上・メッセージ関連/個人口上/052 Reisen [鈴仙]/鈴仙/M_KOJO_K52_セクハラコマンド.ERB
191	ERB/口上・メッセージ関連/個人口上/102 Shinki [神綺]/[NAS] Shinki/Hypnosis_KOJO_K102.ERB
191	ERB/口上・メッセージ関連/個人口上/110 Sagume [サグメ]/サグメ/M_KOJO_K110_派生コマンド.ERB
191	ERB/口上・メッセージ関連/個人口上/139 Tsukasa [典]/典/M_KOJO_K139_ハードなコマンド.ERB
191	ERB/口上・メッセージ関連/個人口上/142 Momoyo [百々世]/[NAS] Momoyo/K142 Update.ERB
190	ERB/口上・メッセージ関連/個人口上/067 Keine [慧音]/TWけね/M_KOJO_K67_コマンド.ERB
190	ERB/口上・メッセージ関連/個人口上/096 Raiko [雷鼓]/雷鼓/M_KOJO_K96_カウンター.ERB
189	ERB/TRANSLATION/OMOGATARI/CHARA/143 Momoyo/M_KOJO_K142_NAS_EVENT.ERB
189	ERB/口上・メッセージ関連/個人口上/050 Flandre [フラン]/eTWたらこフラン/M_KOJO_K50_日常系コマンド.ERB
189	ERB/口上・メッセージ関連/個人口上/101 Tokiko [朱鷺子]/朱鷺子/M_KOJO_K101_コマンド.ERB
189	ERB/口上・メッセージ関連/個人口上/110 Sagume [サグメ]/サグメ/M_KOJO_K110_カウンター.ERB
187	ERB/口上・メッセージ関連/EVENT_MESSAGE_MARK.ERB
187	ERB/口上・メッセージ関連/個人口上/026 Yukari [紫]/紫/M_KOJO_K26_性交系コマンド.ERB
187	ERB/口上・メッセージ関連/個人口上/031 Sanae [早苗]/早苗/M_KOJO_K31_イベント_シナリオ.ERB
187	ERB/口上・メッセージ関連/個人口上/054 Patchouli [パチュリー]/ぱちぇ/M_KOJO_K54_イベント.ERB
186	ERB/口上・メッセージ関連/個人口上/004 Mima [魅魔]/魅魔/M_KOJO_K4_派生コマンド.ERB
186	ERB/口上・メッセージ関連/個人口上/071 Shinmyoumaru [針妙丸]/針妙丸/M_KOJO_K71_イベント.ERB
186	ERB/口上・メッセージ関連/個人口上/078 Minoriko [穣子]/穣子/M_KOJO_K78_性交系コマンド.ERB
185	ERB/口上・メッセージ関連/個人口上/088 Kyouko [響子]/[口上]era命蓮寺OvDr!!1.0+修正Pv1用オハヨー響子ちゃん口上+修正/M_KOJO_K88_イベント .ERB
185	ERB/口上・メッセージ関連/個人口上/093 Wakasagihime [わかさぎ姫]/ENWaggy/M_KOJO_K93_sexual_harassment_commands.ERB
185	ERB/口上・メッセージ関連/個人口上/097 Seija [正邪]/正邪/M_KOJO_K97_愛撫系コマンド.ERB
184	ERB/口上・メッセージ関連/個人口上/013 Daiyousei [大妖精]/大妖精/M_KOJO_K13_絶頂.ERB
183	ERB/口上・メッセージ関連/個人口上/002 Ruukoto [る～こと]/る～こと/M_KOJO_K2_性交系コマンド.ERB
182	ERB/TRANSLATION/Addition/Requests-Pranks/Add_一般依頼92_fairy_prank_scenarios.ERB
182	ERB/口上・メッセージ関連/個人口上/009 Yumemi [夢美]/夢美/M_KOJO_K9_絶頂 （詳細版）.ERB
182	ERB/口上・メッセージ関連/個人口上/012 Rumia [ルーミア]/ルーミア/M_KOJO_K12_イベント.ERB
182	ERB/口上・メッセージ関連/個人口上/055 Byakuren [白蓮]/聖/M_KOJO_K55_カウンター.ERB
182	ERB/口上・メッセージ関連/個人口上/062 Kaguya [輝夜]/輝夜/M_KOJO_K62_奉仕系コマンド.ERB
182	ERB/口上・メッセージ関連/個人口上/082 Maribel [メリー]/メリー/M_KOJO_K82_派生コマンド.ERB
181	ERB/口上・メッセージ関連/個人口上/002 Ruukoto [る～こと]/る～こと/M_KOJO_K2_愛撫系コマンド.ERB
181	ERB/口上・メッセージ関連/個人口上/134 Miyoi [美宵]/美宵/M_KOJO_K134_セクハラコマンド.ERB
180	ERB/TRANSLATION/Addition/Add_ItemMod.ERB
180	ERB/口上・メッセージ関連/個人口上/061 Mokou [妹紅]/妹紅/M_KOJO_K61_コマンド000～愛撫.ERB
180	ERB/口上・メッセージ関連/個人口上/105 Mai (PC-98) [マイ]/マイ/M_KOJO_K105_絶頂 .ERB
180	ERB/口上・メッセージ関連/個人口上/113 Hecatia [ヘカーティア]/ヘカーティア/M_KOJO_K113_絶頂.ERB
180	ERB/口上・メッセージ関連/個人口上/134 Miyoi [美宵]/美宵/M_KOJO_K134_絶頂.ERB
179	ERB/口上・メッセージ関連/個人口上/001 Reimu [霊夢]/霊夢/M_KOJO_K1_COUNTER.ERB
179	ERB/口上・メッセージ関連/個人口上/031 Sanae [早苗]/早苗さん別人版/M_KOJO_K31_1_セクハラコマンド.ERB
179	ERB/口上・メッセージ関連/個人口上/066 Yuyuko [幽々子]/幽々子/口上/M_KOJO_K66_愛撫系コマンド.ERB
177	ERB/口上・メッセージ関連/個人口上/031 Sanae [早苗]/早苗さん別人版/M_KOJO_K31_1_愛撫系コマンド.ERB
177	ERB/口上・メッセージ関連/個人口上/078 Minoriko [穣子]/穣子/M_KOJO_K78_愛撫系コマンド.ERB
177	ERB/口上・メッセージ関連/個人口上/119 Nemuno [ネムノ]/ENNemuno/M_KOJO_K119_functions.ERB
176	ERB/口上・メッセージ関連/個人口上/029 Aya [文]/文/M_KOJO_K29_奉仕系コマンド.ERB
176	ERB/口上・メッセージ関連/個人口上/082 Maribel [メリー]/メリー/M_KOJO_K82_セクハラコマンド.ERB
175	ERB/口上・メッセージ関連/個人口上/018 Lily W [リリーＷ]/リリーホワイト/M_KOJO_K18_育児イベント.ERB
175	ERB/口上・メッセージ関連/個人口上/056 Miko [神子]/【56】賑やかし神子Ver1.00/M_KOJO_K56_性交系コマンド.ERB
175	ERB/口上・メッセージ関連/個人口上/087 Shou [星]/ENShou/M_KOJO_K87_functions.ERB
175	ERB/口上・メッセージ関連/個人口上/097 Seija [正邪]/正邪/M_KOJO_K97_依頼.ERB
174	ERB/TRANSLATION/Addition/Add_Misc.ERB
174	ERB/コマンド関連/COMF/外出系/COMF621 釣りをする.ERB
174	ERB/口上・メッセージ関連/個人口上/039 Nazrin [ナズーリン]/ひねくれナズー口上/M_KOJO_K39_カウンター.ERB
174	ERB/口上・メッセージ関連/個人口上/053 Tewi [てゐ]/てゐ_purist/M_KOJO_K53_イベント.ERB
174	ERB/口上・メッセージ関連/個人口上/108 Ringo [鈴瑚]/鈴瑚/M_KOJO_K108_派生コマンド.ERB
173	ERB/口上・メッセージ関連/個人口上/023 Youmu [妖夢]/妖夢別人改変版/M_KOJO_K23_1_派生コマンド.ERB
172	ERB/口上・メッセージ関連/個人口上/027 Wriggle [リグル]/Wriggle/M_KOJO_K27_1_セクハラコマンド.ERB
172	ERB/口上・メッセージ関連/個人口上/027 Wriggle [リグル]/Wriggle/M_KOJO_K27_1_性交系コマンド.ERB
172	ERB/口上・メッセージ関連/個人口上/030 Eiki [映姫]/映姫様/M_KOJO_K30_道具系コマンド.ERB
172	ERB/口上・メッセージ関連/個人口上/119 Nemuno [ネムノ]/賑やかしネムノ【119】/M_KOJO_K119_イベント.ERB
172	ERB/口上・メッセージ関連/個人口上/124 Okina [隠岐奈]/賑やかし隠岐奈【124】/M_KOJO_K124_派生コマンド.ERB
171	ERB/SHOP関連/OPTION.ERB
171	ERB/TRANSLATION/OMOGATARI/COM/COMF357 Relieve Self.ERB
171	ERB/口上・メッセージ関連/個人口上/027 Wriggle [リグル]/リグル/M_KOJO_K27_性交系コマンド.ERB
171	ERB/口上・メッセージ関連/個人口上/027 Wriggle [リグル]/リグル/M_KOJO_K27_派生コマンド.ERB
171	ERB/口上・メッセージ関連/個人口上/075 Medicine [メディスン]/メディスン/M_KOJO_K75_愛撫系コマンド.ERB
171	ERB/口上・メッセージ関連/個人口上/129 Kutaka [久侘歌]/久侘歌/M_KOJO_K129_絶頂.ERB
171	ERB/口上・メッセージ関連/個人口上/142 Momoyo [百々世]/Momoyo/M_KOJO_K142_functions.ERB
170	ERB/口上・メッセージ関連/個人口上/022 Lunasa [ルナサ]/ルナサ/M_KOJO_K22_性交系コマンド.ERB
170	ERB/口上・メッセージ関連/個人口上/087 Shou [星]/ENShou/M_KOJO_K87_caress_commands.ERB
169	ERB/イベント関連/贈り物関連/贈り物.ERB
169	ERB/口上・メッセージ関連/個人口上/030 Eiki [映姫]/映姫様/M_KOJO_K30_逆アナル系コマンド.ERB
169	ERB/口上・メッセージ関連/個人口上/059 Koakuma [小悪魔]/小悪魔長髪短髪切り替え/M_KOJO_K59_1_依頼.ERB
169	ERB/口上・メッセージ関連/個人口上/070 Kosuzu [小鈴]/Kosuzu JP/M_KOJO_K70_06_性交系コマンド.ERB
169	ERB/口上・メッセージ関連/個人口上/082 Maribel [メリー]/メリー/M_KOJO_K82_奉仕系コマンド.ERB
169	ERB/口上・メッセージ関連/個人口上/140 Megumu [龍]/龍/M_KOJO_K140_セクハラコマンド.ERB
167	ERB/口上・メッセージ関連/個人口上/001 Reimu [霊夢]/霊夢/M_KOJO_K1_セクハラコマンド.ERB
167	ERB/口上・メッセージ関連/個人口上/004 Mima [魅魔]/魅魔/M_KOJO_K4_愛撫系コマンド.ERB
167	ERB/口上・メッセージ関連/個人口上/013 Daiyousei [大妖精]/大妖精/M_KOJO_K13_愛撫系コマンド.ERB
167	ERB/口上・メッセージ関連/個人口上/027 Wriggle [リグル]/Wriggle/M_KOJO_K27_1_functions.ERB
167	ERB/口上・メッセージ関連/個人口上/060 Parsee [パルスィ]/Parsee/Hypnosis_KOJO_K60.ERB
166	ERB/口上・メッセージ関連/個人口上/002 Ruukoto [る～こと]/る～こと/M_KOJO_K2_絶頂.ERB
166	ERB/口上・メッセージ関連/個人口上/013 Daiyousei [大妖精]/大妖精/M_KOJO_K13_カウンター.ERB
166	ERB/口上・メッセージ関連/個人口上/032 Kanako [神奈子]/神奈子様/M_KOJO_K32_依頼.ERB
165	ERB/口上・メッセージ関連/EVENT_MESSAGE_挿入系COM/EVENT_MESSAGE_正常位（時間停止）.ERB
165	ERB/口上・メッセージ関連/個人口上/011 Marisa [魔理沙]/eraTW用霧雨魔理沙口上ver,0.03/M_KOJO_K11_弾幕勝負.ERB
165	ERB/口上・メッセージ関連/個人口上/027 Wriggle [リグル]/リグル/M_KOJO_K27_セクハラコマンド.ERB
165	ERB/口上・メッセージ関連/個人口上/082 Maribel [メリー]/メリー/M_KOJO_K82_FUNC.ERB
165	ERB/口上・メッセージ関連/個人口上/121 Narumi [成美]/賑やかし成美【121】/M_KOJO_K121_イベント.ERB
165	ERB/口上・メッセージ関連/個人口上/144 Ibaraki's Arm [影華扇]/影華扇口上Ver0.03/M_KOJO_K144_日常系コマンド.ERB
164	ERB/口上・メッセージ関連/個人口上/070 Kosuzu [小鈴]/Kosuzu JP/M_KOJO_K70_08_カウンター.ERB
164	ERB/口上・メッセージ関連/個人口上/127 Eika [瓔花]/瓔花/M_KOJO_K127_カウンター.ERB
163	ERB/口上・メッセージ関連/個人口上/016 Remilia [レミリア]/レミリア/M_KOJO_K16_イベント.ERB
163	ERB/口上・メッセージ関連/個人口上/052 Reisen [鈴仙]/鈴仙/Hypnosis_KOJO_K52.ERB
163	ERB/口上・メッセージ関連/個人口上/053 Tewi [てゐ]/てゐ_purist/M_KOJO_K53_絶頂.ERB
163	ERB/口上・メッセージ関連/個人口上/111 Clownpiece [クラウンピース]/クラウンピース/M_KOJO_K111_絶頂.ERB
163	ERB/口上・メッセージ関連/個人口上/120 Aunn [あうん]/賑やかしあうん【120】/M_KOJO_K120_FUNC.ERB
163	ERB/口上・メッセージ関連/個人口上/131 Mayumi [磨弓]/磨弓/M_KOJO_K131_奉仕系コマンド.ERB
162	ERB/TRANSLATION/Addition/Character-related/Add_COMF616 診察を受ける.ERB
162	ERB/口上・メッセージ関連/個人口上/142 Momoyo [百々世]/Momoyo/M_KOJO_K142_intercourse_commands.ERB
161	ERB/口上・メッセージ関連/個人口上/016 Remilia [レミリア]/レミリア/M_KOJO_K16_性交系コマンド.ERB
161	ERB/口上・メッセージ関連/個人口上/091 Tojiko [屠自古]/【91】賑やかし屠自古Ver1.00/M_KOJO_K91_イベント.ERB
161	ERB/口上・メッセージ関連/個人口上/125 Joon [女苑]/女苑/M_KOJO_K125_絶頂.ERB
160	ERB/口上・メッセージ関連/個人口上/054 Patchouli [パチュリー]/ぱちぇ/M_KOJO_K54_日常系コマンド.ERB
160	ERB/口上・メッセージ関連/個人口上/111 Clownpiece [クラウンピース]/クラウンピース/M_KOJO_K111_性交系コマンド.ERB
160	ERB/口上・メッセージ関連/個人口上/129 Kutaka [久侘歌]/久侘歌/M_KOJO_K129_性交系コマンド.ERB
159	ERB/TRANSLATION/VIRGIN_SETTING/VIRGIN_SETTING_MOD.ERB
159	ERB/口上・メッセージ関連/個人口上/078 Minoriko [穣子]/穣子/M_KOJO_K78_イベント.ERB
158	ERB/TRANSLATION/QOL/QoL_DetailedInfo.ERB
158	ERB/口上・メッセージ関連/個人口上/004 Mima [魅魔]/魅魔/M_KOJO_K4_性交系コマンド.ERB
158	ERB/口上・メッセージ関連/個人口上/038 Koishi [こいし]/Koishi_strmesko/M_KOJO_K38_1_依頼.ERB
158	ERB/口上・メッセージ関連/個人口上/049 Satori [さとり]/さとり/無題1.txt
158	ERB/口上・メッセージ関連/個人口上/082 Maribel [メリー]/メリー/M_KOJO_K82_コマンド.ERB
158	ERB/口上・メッセージ関連/個人口上/101 Tokiko [朱鷺子]/朱鷺子/M_KOJO_K101_道具系コマンド.ERB
157	ERB/口上・メッセージ関連/個人口上/036 Orin [お燐]/Orin/M_KOJO_K36_絶頂.ERB
157	ERB/口上・メッセージ関連/個人口上/066 Yuyuko [幽々子]/幽々子/口上/M_KOJO_K66_セクハラコマンド.ERB
157	ERB/口上・メッセージ関連/個人口上/130 Yachie [八千慧]/八千慧/M_KOJO_K130_性交系コマンド.ERB
156	ERB/イベント関連/AFTERTRA.ERB
156	ERB/口上・メッセージ関連/個人口上/049 Satori [さとり]/さとり/M_KOJO_K49_性交系コマンド.ERB
156	ERB/口上・メッセージ関連/個人口上/081 Renko [蓮子]/蓮子/M_KOJO_K81_絶頂.ERB
156	ERB/口上・メッセージ関連/個人口上/096 Raiko [雷鼓]/雷鼓/M_KOJO_K96_愛撫系コマンド.ERB
155	ERB/ステータス表示関連/Look.ERB
155	ERB/口上・メッセージ関連/個人口上/002 Ruukoto [る～こと]/る～こと/M_KOJO_K2_派生コマンド.ERB
155	ERB/口上・メッセージ関連/個人口上/051 Nitori [にとり]/Nitori/M_KOJO_K51_caress_commands.ERB
155	ERB/口上・メッセージ関連/個人口上/066 Yuyuko [幽々子]/幽々子/口上/M_KOJO_K66_奉仕系コマンド.ERB
155	ERB/口上・メッセージ関連/個人口上/070 Kosuzu [小鈴]/小鈴/M_KOJO_K70_03_愛撫系コマンド.ERB
155	ERB/口上・メッセージ関連/個人口上/090 Seiga [青娥]/青娥/M_KOJO_K90_カウンター.ERB
155	ERB/口上・メッセージ関連/個人口上/104 Yuki [ユキ]/ユキ/M_KOJO_K104_愛撫系コマンド.ERB
155	ERB/口上・メッセージ関連/個人口上/118 Larva [ラルバ]/賑やかしラルバ【118】/M_KOJO_K118_イベント.ERB
154	ERB/口上・メッセージ関連/個人口上/068 Yuuka [幽香]/幽香/M_KOJO_K68_コマンド.ERB
154	ERB/口上・メッセージ関連/個人口上/081 Renko [蓮子]/蓮子/M_KOJO_K81_性交系コマンド.ERB
154	ERB/口上・メッセージ関連/個人口上/103 Yumeko [夢子]/強気デレ夢子/M_KOJO_K103_17_派生コマンド.ERB
153	ERB/口上・メッセージ関連/個人口上/009 Yumemi [夢美]/夢美/M_KOJO_K9_派生コマンド.ERB
153	ERB/口上・メッセージ関連/個人口上/041 Nue [ぬえ]/era命蓮寺OvDr!! ver1.35用 ツン≦デレ封獣ぬえ口上ver0.12/M_KOJO_K41_愛撫系コマンド.ERB
153	ERB/口上・メッセージ関連/個人口上/110 Sagume [サグメ]/サグメ/M_KOJO_K110_奉仕系コマンド.ERB
153	ERB/口上・メッセージ関連/個人口上/122 Mai Teireida [舞]/賑やかし舞【122】/M_KOJO_K122_愛撫系コマンド.ERB
153	ERB/口上・メッセージ関連/個人口上/139 Tsukasa [典]/典/M_KOJO_K139_関数ライブラリ.ERB
152	ERB/TRANSLATION/OMOGATARI/REVERSE CHARAMAKE/Reverse Charamake CharaLines.ERB
152	ERB/口上・メッセージ関連/個人口上/001 Reimu [霊夢]/霊夢/M_KOJO_K1_ハードなコマンド.ERB
152	ERB/口上・メッセージ関連/個人口上/075 Medicine [メディスン]/メディスン/M_KOJO_K75_奉仕系コマンド.ERB
152	ERB/口上・メッセージ関連/個人口上/112 Junko [純狐]/純狐/M_KOJO_K112_愛撫系コマンド.ERB
151	ERB/TRANSLATION/OMOGATARI/CHARA/161 Rin Satsuki/165 Rin Satsuki/M_KOJO_K165_intercourse_commands.ERB
151	ERB/TRANSLATION/OMOGATARI/INTERNET/Internet_3.ERB
151	ERB/口上・メッセージ関連/EVENT_MESSAGE_COM500.ERB
151	ERB/口上・メッセージ関連/個人口上/014 Cirno [チルノ]/チルノ　大妖精なりきり対応ver0.9/K14_DANMAKU_CUSTOM.ERB
151	ERB/口上・メッセージ関連/個人口上/026 Yukari [紫]/紫/M_KOJO_K26_絶頂.ERB
151	ERB/口上・メッセージ関連/個人口上/034 Tenshi [天子]/天子/M_KOJO_K34_絶頂.ERB
151	ERB/口上・メッセージ関連/個人口上/059 Koakuma [小悪魔]/小悪魔長髪短髪切り替え/M_KOJO_K59_1_日常系コマンド.ERB
151	ERB/口上・メッセージ関連/個人口上/078 Minoriko [穣子]/穣子/M_KOJO_K78_日常系コマンド.ERB
151	ERB/口上・メッセージ関連/個人口上/090 Seiga [青娥]/青娥/M_KOJO_K90_セクハラコマンド.ERB
151	ERB/口上・メッセージ関連/個人口上/112 Junko [純狐]/純狐/M_KOJO_K112_性交系コマンド.ERB
151	ERB/口上・メッセージ関連/個人口上/120 Aunn [あうん]/賑やかしあうん【120】/M_KOJO_K120_性交系コマンド.ERB
151	ERB/口上・メッセージ関連/個人口上/129 Kutaka [久侘歌]/久侘歌/M_KOJO_K129_派生コマンド.ERB
150	ERB/TRANSLATION/OMOGATARI/CHARA/027 Wriggle/M_KOJO_K27_NAS_COM_SEX.ERB
150	ERB/口上・メッセージ関連/個人口上/007 Star [スター]/スターサファイア/M_KOJO_K7_奉仕系コマンド.ERB
150	ERB/口上・メッセージ関連/個人口上/038 Koishi [こいし]/TW用古明地こいし/M_KOJO_K38_依頼.ERB
150	ERB/口上・メッセージ関連/個人口上/060 Parsee [パルスィ]/Parsee/M_KOJO_K60_弾幕勝負.ERB
150	ERB/口上・メッセージ関連/個人口上/070 Kosuzu [小鈴]/小鈴/M_KOJO_K70_06_性交系コマンド.ERB
150	ERB/口上・メッセージ関連/個人口上/093 Wakasagihime [わかさぎ姫]/ENWaggy/M_KOJO_K93_intercourse_commands.ERB
150	ERB/口上・メッセージ関連/個人口上/113 Hecatia [ヘカーティア]/Hecatia/M_KOJO_K113_イベント.ERB
150	ERB/口上・メッセージ関連/個人口上/113 Hecatia [ヘカーティア]/ヘカーティア/M_KOJO_K113_奉仕系コマンド.ERB
150	ERB/口上・メッセージ関連/個人口上/130 Yachie [八千慧]/八千慧/M_KOJO_K130_絶頂.ERB
149	ERB/TRANSLATION/OMOGATARI/CHARA/Generic (Serious)/M_KOJO_KX_性交系コマンド.ERB
149	ERB/TRANSLATION/OMOGATARI/CHARA/Generic (Timid)/M_KOJO_KX_性交系コマンド.ERB
149	ERB/TRANSLATION/OMOGATARI/CHARA/Generic (Upfront)/M_KOJO_KX_性交系コマンド.ERB
149	ERB/TRANSLATION/OMOGATARI/DAILY EVENTS/DAILY_EV1000 Night Fap.ERB
149	ERB/口上・メッセージ関連/個人口上/050 Flandre [フラン]/egg/M_KOJO_K50_2_intercourse_commands.ERB
149	ERB/口上・メッセージ関連/個人口上/053 Tewi [てゐ]/てゐ_別人版_ver0.1.1/M_KOJO_K53_1_性交系コマンド.ERB
149	ERB/口上・メッセージ関連/個人口上/059 Koakuma [小悪魔]/小悪魔/M_KOJO_K59_日常系コマンド.ERB
149	ERB/口上・メッセージ関連/個人口上/090 Seiga [青娥]/青娥/M_KOJO_K90_性交系コマンド.ERB
149	ERB/口上・メッセージ関連/個人口上/119 Nemuno [ネムノ]/ENNemuno/M_KOJO_K119_intercourse_commands.ERB
149	ERB/口上・メッセージ関連/個人口上/122 Mai Teireida [舞]/賑やかし舞【122】/M_KOJO_K122_性交系コマンド.ERB
149	ERB/口上・メッセージ関連/個人口上/123 Satono [里乃]/賑やかし里乃【123】/M_KOJO_K123_性交系コマンド.ERB
149	ERB/口上・メッセージ関連/個人口上/151 YuugenMagan [ユウゲンマガン]/YuugenMagan/M_KOJO_K151_性交系コマンド.ERB
148	ERB/口上・メッセージ関連/個人口上/060 Parsee [パルスィ]/Parsee/M_KOJO_K60_道具系コマンド.ERB
148	ERB/口上・メッセージ関連/個人口上/094 Benben [弁々]/弁々/M_KOJO_K94_セクハラコマンド.ERB
148	ERB/口上・メッセージ関連/個人口上/099 Toyohime [豊姫]/豊姫/M_KOJO_K99_加虐系コマンド.ERB
148	ERB/口上・メッセージ関連/個人口上/111 Clownpiece [クラウンピース]/クラウンピース/M_KOJO_K111_依頼.ERB
148	ERB/口上・メッセージ関連/個人口上/125 Joon [女苑]/女苑/M_KOJO_K125_日常系コマンド.ERB
147	ERB/口上・メッセージ関連/個人口上/013 Daiyousei [大妖精]/大妖精/M_KOJO_K13_派生コマンド.ERB
147	ERB/口上・メッセージ関連/個人口上/102 Shinki [神綺]/[NAS] Shinki/Shinki Questline 3.ERB
147	ERB/口上・メッセージ関連/個人口上/105 Mai (PC-98) [マイ]/マイ/M_KOJO_K105_コマンド.ERB
146	ERB/口上・メッセージ関連/個人口上/062 Kaguya [輝夜]/輝夜/M_KOJO_K62_加虐系コマンド.ERB
146	ERB/口上・メッセージ関連/個人口上/094 Benben [弁々]/弁々/M_KOJO_K94_愛撫系コマンド.ERB
146	ERB/口上・メッセージ関連/個人口上/134 Miyoi [美宵]/美宵/M_KOJO_K134_派生コマンド.ERB
145	ERB/TRANSLATION/OMOGATARI/INTERNET/TW-Internet.ERB
145	ERB/口上・メッセージ関連/個人口上/009 Yumemi [夢美]/夢美/M_KOJO_K9_セクハラコマンド.ERB
145	ERB/口上・メッセージ関連/個人口上/024 Chen [橙]/橙お試しver/M_KOJO_K24_イベント.ERB
145	ERB/口上・メッセージ関連/個人口上/031 Sanae [早苗]/早苗/M_KOJO_K31_性交系コマンド.ERB
145	ERB/口上・メッセージ関連/個人口上/050 Flandre [フラン]/eTWたらこフラン/M_KOJO_K50_カウンター.ERB
145	ERB/口上・メッセージ関連/個人口上/051 Nitori [にとり]/にとり/M_KOJO_K51_性交系コマンド.ERB
145	ERB/口上・メッセージ関連/個人口上/061 Mokou [妹紅]/妹紅/M_KOJO_K61_コマンド060～性交.ERB
145	ERB/口上・メッセージ関連/個人口上/066 Yuyuko [幽々子]/幽々子/口上/M_KOJO_K66_派生コマンド.ERB
145	ERB/口上・メッセージ関連/個人口上/069 Mamizou [マミゾウ]/マミゾウ/M_KOJO_K69_性交系コマンド.ERB
145	ERB/口上・メッセージ関連/個人口上/134 Miyoi [美宵]/美宵/M_KOJO_K134_カウンター.ERB
144	ERB/口上・メッセージ関連/個人口上/005 Sunny [サニー]/サニーミルク/M_KOJO_K5_奉仕系コマンド.ERB
144	ERB/口上・メッセージ関連/個人口上/054 Patchouli [パチュリー]/ぱちぇ/M_KOJO_K54_セクハラコマンド.ERB
144	ERB/口上・メッセージ関連/個人口上/069 Mamizou [マミゾウ]/マミゾウ別人変身対応版/M_KOJO_K69_1_拡張.ERB
144	ERB/口上・メッセージ関連/個人口上/081 Renko [蓮子]/蓮子/M_KOJO_K81_派生コマンド.ERB
144	ERB/口上・メッセージ関連/個人口上/089 Yoshika [芳香]/【89】賑やかし芳香Ver1.00/M_KOJO_K89_イベント.ERB
144	ERB/口上・メッセージ関連/個人口上/104 Yuki [ユキ]/ユキ/M_KOJO_K104_絶頂 .ERB
144	ERB/口上・メッセージ関連/個人口上/130 Yachie [八千慧]/八千慧/M_KOJO_K130_派生コマンド.ERB
144	ERB/口上・メッセージ関連/個人口上/154 Enoko [慧ノ子]/慧ノ子/M_KOJO_K154_日常系コマンド.ERB
143	ERB/口上・メッセージ関連/個人口上/107 Seiran [清蘭]/清蘭/M_KOJO_K107_育児イベント.ERB
142	ERB/TRANSLATION/_TR Lib.ERB
142	ERB/コマンド関連/COMF/依頼/一般依頼15_あなたに抱かれたい.ERB
142	ERB/口上・メッセージ関連/個人口上/030 Eiki [映姫]/映姫様/M_KOJO_K30_育児イベント.ERB
142	ERB/口上・メッセージ関連/個人口上/087 Shou [星]/ENShou/M_KOJO_K87_intercourse_commands.ERB
142	ERB/口上・メッセージ関連/個人口上/139 Tsukasa [典]/典/M_KOJO_K139_道具系コマンド.ERB
141	ERB/NOUMIN.ERB
141	ERB/口上・メッセージ関連/個人口上/011 Marisa [魔理沙]/eraTW用霧雨魔理沙口上ver,0.03/M_KOJO_K11_派生コマンド.ERB
141	ERB/口上・メッセージ関連/個人口上/095 Yatsuhashi [八橋]/八橋/M_KOJO_K95_愛撫系コマンド.ERB
141	ERB/口上・メッセージ関連/個人口上/126 Shion [紫苑]/紫苑/M_KOJO_K126_日常系コマンド.ERB
140	ERB/TRANSLATION/Addition/Requests-Pranks/Add_一般依頼92_fairy_prank.ERB
140	ERB/口上・メッセージ関連/個人口上/007 Star [スター]/スターサファイア/M_KOJO_K7_育児イベント.ERB
140	ERB/口上・メッセージ関連/個人口上/026 Yukari [紫]/紫/M_KOJO_K26_カウンター.ERB
140	ERB/口上・メッセージ関連/個人口上/033 Suwako [諏訪子]/諏訪子/M_KOJO_K33_ユーザー関数.ERB
140	ERB/口上・メッセージ関連/個人口上/049 Satori [さとり]/さとり/M_KOJO_K49_コマンド酔夢想.ERB
140	ERB/口上・メッセージ関連/個人口上/053 Tewi [てゐ]/てゐ/M_KOJO_K53_climax.ERB
140	ERB/口上・メッセージ関連/個人口上/099 Toyohime [豊姫]/豊姫/M_KOJO_K99_コマンド.ERB
139	ERB/コマンド関連/COMF/日常系/MOBGIRL_TALKING.ERB
139	ERB/コマンド関連/COMORDER.ERB
139	ERB/口上・メッセージ関連/個人口上/006 Luna [ルナ]/ルナチャイルド/M_KOJO_K6_セクハラコマンド.ERB
139	ERB/口上・メッセージ関連/個人口上/026 Yukari [紫]/紫/M_KOJO_K26_派生コマンド.ERB
139	ERB/口上・メッセージ関連/個人口上/041 Nue [ぬえ]/era命蓮寺OvDr!! ver1.35用 ツン≦デレ封獣ぬえ口上ver0.12/M_KOJO_K41_絶頂.ERB
139	ERB/口上・メッセージ関連/個人口上/053 Tewi [てゐ]/てゐ_別人版_ver0.1.1/M_KOJO_K53_1_イベント.ERB
139	ERB/口上・メッセージ関連/個人口上/103 Yumeko [夢子]/強気デレ夢子/M_KOJO_K103_02_カウンター.ERB
139	ERB/口上・メッセージ関連/個人口上/125 Joon [女苑]/女苑/M_KOJO_K125_愛撫系コマンド.ERB
138	ERB/TRANSLATION/OMOGATARI/COM/COMF144 Urinate.ERB
138	ERB/口上・メッセージ関連/個人口上/066 Yuyuko [幽々子]/幽々子/口上/M_KOJO_K66_性交系コマンド.ERB
138	ERB/口上・メッセージ関連/個人口上/081 Renko [蓮子]/蓮子/M_KOJO_K81_セクハラコマンド.ERB
138	ERB/口上・メッセージ関連/個人口上/102 Shinki [神綺]/[NAS] Shinki/M_KOJO_K102_絶頂 （詳細版）.ERB
138	ERB/口上・メッセージ関連/個人口上/107 Seiran [清蘭]/清蘭/M_KOJO_K107_奉仕系コマンド.ERB
138	ERB/口上・メッセージ関連/個人口上/168 Hourai [Hourai]/[NAS] Hourai/M_KOJO_K147_日常系コマンド.ERB
137	ERB/口上・メッセージ関連/EVENT_MESSAGE_COM_SM系.ERB
137	ERB/口上・メッセージ関連/個人口上/082 Maribel [メリー]/メリー/M_KOJO_K82_カウンター.ERB
137	ERB/口上・メッセージ関連/個人口上/083 Kisume [キスメ]/キスメ/M_KOJO_K83_セクハラコマンド.ERB
137	ERB/口上・メッセージ関連/個人口上/098 Yorihime [依姫]/依姫/M_KOJO_K98_コマンド.ERB
137	ERB/口上・メッセージ関連/個人口上/134 Miyoi [美宵]/美宵/M_KOJO_K134_性交系コマンド.ERB
136	ERB/口上・メッセージ関連/個人口上/012 Rumia [ルーミア]/ルーミア/M_KOJO_K12_派生コマンド.ERB
136	ERB/口上・メッセージ関連/個人口上/056 Miko [神子]/【56】賑やかし神子Ver1.00/M_KOJO_K56_イベント.ERB
136	ERB/口上・メッセージ関連/個人口上/081 Renko [蓮子]/蓮子/M_KOJO_K81_カウンター.ERB
136	ERB/口上・メッセージ関連/個人口上/085 Ichirin [一輪]/一輪試作/M_KOJO_K85_絶頂.ERB
136	ERB/口上・メッセージ関連/個人口上/106 Sumireko [菫子]/菫子/M_KOJO_K106_愛撫系コマンド.ERB
136	ERB/口上・メッセージ関連/個人口上/129 Kutaka [久侘歌]/久侘歌/M_KOJO_K129_愛撫系コマンド.ERB
135	ERB/口上・メッセージ関連/個人口上/026 Yukari [紫]/紫/M_KOJO_K26_愛撫系コマンド.ERB
135	ERB/口上・メッセージ関連/個人口上/034 Tenshi [天子]/天子/M_KOJO_K34_愛撫系コマンド.ERB
135	ERB/口上・メッセージ関連/個人口上/093 Wakasagihime [わかさぎ姫]/ENWaggy/M_KOJO_K93_service_commands.ERB
135	ERB/口上・メッセージ関連/個人口上/112 Junko [純狐]/純狐/M_KOJO_K112_セクハラコマンド.ERB
135	ERB/口上・メッセージ関連/個人口上/126 Shion [紫苑]/紫苑/M_KOJO_K126_愛撫系コマンド.ERB
135	ERB/口上・メッセージ関連/個人口上/142 Momoyo [百々世]/Momoyo/M_KOJO_K142_climax.ERB
134	ERB/TRANSLATION/OMOGATARI/Body Parts/BodyPartController.ERB
134	ERB/口上・メッセージ関連/個人口上/005 Sunny [サニー]/サニーミルク/M_KOJO_K5_派生コマンド.ERB
134	ERB/口上・メッセージ関連/個人口上/023 Youmu [妖夢]/妖夢別人改変版/M_KOJO_K23_1_カウンター.ERB
134	ERB/口上・メッセージ関連/個人口上/050 Flandre [フラン]/【50】011 フラン 1/MAIN/API/TW_API/TW_API.ERB
134	ERB/口上・メッセージ関連/個人口上/056 Miko [神子]/【56】賑やかし神子Ver1.00/M_KOJO_K56_日常系コマンド.ERB
134	ERB/口上・メッセージ関連/個人口上/105 Mai (PC-98) [マイ]/マイ/M_KOJO_K105_派生コマンド.ERB
134	ERB/口上・メッセージ関連/個人口上/120 Aunn [あうん]/賑やかしあうん【120】/M_KOJO_K120_絶頂.ERB
134	ERB/口上・メッセージ関連/個人口上/123 Satono [里乃]/賑やかし里乃【123】/M_KOJO_K123_セクハラコマンド.ERB
134	ERB/口上・メッセージ関連/個人口上/130 Yachie [八千慧]/八千慧/M_KOJO_K130_愛撫系コマンド.ERB
133	ERB/口上・メッセージ関連/個人口上/091 Tojiko [屠自古]/【91】賑やかし屠自古Ver1.00/M_KOJO_K91_日常系コマンド.ERB
133	ERB/口上・メッセージ関連/個人口上/093 Wakasagihime [わかさぎ姫]/ENWaggy/M_KOJO_K93_caress_commands.ERB
133	ERB/口上・メッセージ関連/個人口上/117 Gengetsu [幻月]/幻月/M_KOJO_K117_派生コマンド.ERB
133	ERB/口上・メッセージ関連/個人口上/153 Shanghai [Shanghai]/[NAS] Shanghai/M_KOJO_K146_絶頂 （詳細版）.ERB
132	ERB/口上・メッセージ関連/個人口上/027 Wriggle [リグル]/Wriggle/M_KOJO_K27_1_コマンド.ERB
132	ERB/口上・メッセージ関連/個人口上/036 Orin [お燐]/Orin/M_KOJO_K36_コマンド.ERB
132	ERB/口上・メッセージ関連/個人口上/058 Meiling [美鈴]/美鈴/M_KOJO_K58_special_events.ERB
132	ERB/口上・メッセージ関連/個人口上/062 Kaguya [輝夜]/輝夜/M_KOJO_K62_輝夜口上イベント.ERB
132	ERB/口上・メッセージ関連/個人口上/063 Kagerou [影狼]/影狼/M_KOJO_K63_愛撫系コマンド.ERB
132	ERB/口上・メッセージ関連/個人口上/081 Renko [蓮子]/蓮子/M_KOJO_K81_愛撫系コマンド.ERB
132	ERB/口上・メッセージ関連/個人口上/095 Yatsuhashi [八橋]/八橋/M_KOJO_K95_セクハラコマンド.ERB
132	ERB/口上・メッセージ関連/個人口上/130 Yachie [八千慧]/八千慧/M_KOJO_K130_カウンター.ERB
132	ERB/口上・メッセージ関連/個人口上/173 Sendai Hakurei [先代]/【158】先代/M_KOJO_K158_コマンド.ERB
132	ERB/口上・メッセージ関連/個人口上/173 Sendai Hakurei [先代]/【158】先代/M_KOJO_K158_愛撫系コマンド.ERB
131	ERB/口上・メッセージ関連/個人口上/070 Kosuzu [小鈴]/小鈴/M_KOJO_K70_04_奉仕系コマンド.ERB
131	ERB/口上・メッセージ関連/個人口上/082 Maribel [メリー]/メリー/M_KOJO_K82_道具系コマンド.ERB
131	ERB/口上・メッセージ関連/個人口上/131 Mayumi [磨弓]/磨弓/M_KOJO_K131_絶頂.ERB
131	ERB/口上・メッセージ関連/個人口上/139 Tsukasa [典]/典/M_KOJO_K139_加虐系コマンド.ERB
130	ERB/口上・メッセージ関連/個人口上/050 Flandre [フラン]/eTWたらこフラン/M_KOJO_K50_愛撫系コマンド.ERB
130	ERB/口上・メッセージ関連/個人口上/134 Miyoi [美宵]/美宵/M_KOJO_K134_愛撫系コマンド.ERB
129	ERB/TRANSLATION/OMOGATARI/CHARA/060 Parsee [パルスィ]/Unique Requests 60 (Parsee).ERB
129	ERB/TRANSLATION/OMOGATARI/COM/COMF460 Delusional Masturbation.ERB
129	ERB/TRANSLATION/OMOGATARI/OMO/PantySoiler.ERB
129	ERB/イベント関連/お出かけイベント/GO_OUT_EV02_タヌキの宴会.ERB
129	ERB/口上・メッセージ関連/個人口上/013 Daiyousei [大妖精]/大妖精/M_KOJO_K13_育児イベント.ERB
129	ERB/口上・メッセージ関連/個人口上/069 Mamizou [マミゾウ]/マミゾウ別人変身対応版/派生口上/M_KOJO_K69_1_愛撫系コマンド_拡張.ERB
129	ERB/口上・メッセージ関連/個人口上/103 Yumeko [夢子]/強気デレ夢子/M_KOJO_K103_13_絶頂 （詳細版）.ERB
129	ERB/口上・メッセージ関連/個人口上/111 Clownpiece [クラウンピース]/クラウンピース/M_KOJO_K111_日記.ERB
129	ERB/口上・メッセージ関連/個人口上/127 Eika [瓔花]/瓔花/M_KOJO_K127_育児イベント.ERB
128	ERB/TRANSLATION/NEW_UPDATE/UpdateMenus.ERB
128	ERB/コマンド関連/COMF/外出系/NASIKUZUSI.ERB
128	ERB/口上・メッセージ関連/個人口上/059 Koakuma [小悪魔]/小悪魔/M_KOJO_K59_イベント.ERB
