;感覚
0,Ｃ感覚
1,Ｖ感覚
2,Ａ感覚
3,Ｂ感覚
4,Ｍ感覚
5,USens
;基本

9,親密
10,従順
11,欲望
12,技巧
13,奉仕精神
14,露出癖
15,マゾっ気
16,サドっ気
17,レズっ気
18,ホモっ気

;中毒
30,自慰中毒
31,精液中毒
32,レズ中毒
33,ゲイ中毒
34,膣射中毒
35,肛射中毒
36,PeeAddict
37,PooAddict
38,UCreampieAddict
39,HypnoAddict

;技能
40,清掃技能
41,話術技能
42,戦闘能力
43,教養
44,料理技能
45,音楽技能
;whoever the fuck made these TALENTS needs to be shot
;46,採集技能
;47,釣り技能
;48,調合技能
;49,Crafting

;性技
50,指
51,舌
52,胸
53,腰
54,膣
55,アナル
56,Urethra
;58,ESP

;60,TSLv
61,PeeDrinkAddict
62,PooEatAddict
63,DiaperAttraction
64,LactateAddict
65,TentacleAddict
66,Shooting
67,Melee
68,Medical
69,Farming
71,Animals
72,Foot
73,Tailoring
74,Carpentry
75,Mining
76,Metalworking