;image tweak custom code
;when you need failsafe definitions for extra images that are the same
;so when big booba version is used, it won't return empty or default image for special cases

;also set boob for alt pics

;**********************************************************************************************


;youmu
別顔2_裸_巨乳拆分_23,23_巨.webp,0,0,180,180

;chen
別顔_服_爆乳拆分_24,24_爆.webp,0,0,180,180
別顔_裸_爆乳拆分_24,24_爆.webp,0,180,180,180

;nazrin
別顔_服_爆乳拆分_39,39_爆.webp,0,0,180,180
別顔_裸_爆乳拆分_39,39_爆.webp,0,180,180,180

;yuuka
別顔_裸_爆乳拆分_68,68_爆.webp,0,0,180,180

;mamizou
別顔_服_爆乳拆分_69,69_爆.webp,0,0,180,180
別顔_裸_爆乳拆分_69,69_爆.webp,0,180,180,180

;doremy
別顔_服_巨乳拆分_109,109_巨.webp,0,0,180,180
別顔_服_睡眠_巨乳拆分_109,109_巨.webp,0,180,180,180
別顔_裸_巨乳拆分_109,109_巨.webp,0,360,180,180
