;always add effects to alt faces!!! for effects, 裸 is a prefix before 巨乳!
;images cut by lasagna27 from f95

;------------------------------------------------------------
;11_魔理沙
;------------------------------------------------------------
;服
別顔4_服_通常_11,11_顔.webp,0,0,180,180
別顔4_服_笑顔_11,11_顔.webp,180,0,180,180
別顔4_服_怒り_11,11_顔.webp,360,0,180,180
別顔4_服_発情_11,11_顔.webp,900,0,180,180
;裸
別顔4_裸_通常_11,11_顔.webp,0,180,180,180
別顔4_裸_笑顔_11,11_顔.webp,180,180,180,180
別顔4_裸_怒り_11,11_顔.webp,360,180,180,180
別顔4_裸_発情_11,11_顔.webp,900,180,180,180
別顔4_裸_オナニー_11,11_顔.webp,720,180,180,180
別顔4_裸_愛撫_11,11_顔.webp,0,540,180,180
別顔4_裸_性交_11,11_顔.webp,180,540,180,180

;特殊服装
別顔4_服_日替わり_通常_11,11_顔.webp,0,360,180,180
別顔4_服_日替わり_笑顔_11,11_顔.webp,180,360,180,180
別顔4_服_日替わり_怒り_11,11_顔.webp,360,360,180,180
別顔4_服_日替わり_発情_11,11_顔.webp,900,360,180,180
;エフェクト
別顔4_照れ_11,11_顔.webp,540,0,180,180
別顔4_裸照れ_11,11_顔.webp,540,180,180,180
別顔4_吐息_11,11_顔.webp,360,540,180,180
別顔4_汗_11,11_顔.webp,540,540,180,180


;------------------------------------------------------------
;15_咲夜
;------------------------------------------------------------
;服
別顔4_服_通常_15,15_顔.webp,0,0,180,180
別顔4_服_笑顔_15,15_顔.webp,180,0,180,180
別顔4_服_怒り_15,15_顔.webp,360,0,180,180
別顔4_服_発情_15,15_顔.webp,900,0,180,180
;裸
別顔4_裸_通常_15,15_顔.webp,0,180,180,180
別顔4_裸_笑顔_15,15_顔.webp,180,180,180,180
別顔4_裸_怒り_15,15_顔.webp,360,180,180,180
別顔4_裸_発情_15,15_顔.webp,900,180,180,180
別顔4_裸_オナニー_15,15_顔.webp,720,180,180,180
別顔4_裸_愛撫_15,15_顔.webp,0,360,180,180
別顔4_裸_性交_15,15_顔.webp,180,360,180,180

;エフェクト
別顔4_照れ_15,15_顔.webp,540,0,180,180
別顔4_吐息_15,15_顔.webp,360,360,180,180
別顔4_汗_15,15_顔.webp,540,360,180,180
;差分
別顔4_服_通常_15_人里,15_顔_1.webp,0,0,180,180
別顔4_服_笑顔_15_人里,15_顔_1.webp,180,0,180,180
別顔4_服_怒り_15_人里,15_顔_1.webp,360,0,180,180
別顔4_裸_通常_15_人里,15_顔_1.webp,0,180,180,180
別顔4_裸_笑顔_15_人里,15_顔_1.webp,180,180,180,180
別顔4_裸_怒り_15_人里,15_顔_1.webp,360,180,180,180
別顔4_照れ_15_人里,15_顔_1.webp,540,0,180,180

;------------------------------------------------------------
;16_レミリア
;------------------------------------------------------------
;服
別顔2_服_通常_16,16_顔.webp,0,0,180,180
別顔2_服_笑顔_16,16_顔.webp,180,0,180,180
別顔2_服_怒り_16,16_顔.webp,360,0,180,180
別顔2_服_発情_16,16_顔.webp,900,0,180,180
;裸
別顔2_裸_通常_16,16_顔.webp,0,180,180,180
別顔2_裸_笑顔_16,16_顔.webp,180,180,180,180
別顔2_裸_怒り_16,16_顔.webp,360,180,180,180
別顔2_裸_発情_16,16_顔.webp,900,180,180,180
別顔2_裸_オナニー_16,16_顔.webp,720,180,180,180
別顔2_裸_愛撫_16,16_顔.webp,0,360,180,180
別顔2_裸_性交_16,16_顔.webp,180,360,180,180
;エフェクト
別顔2_照れ_16,16_顔.webp,540,0,180,180
別顔2_裸照れ_16,16_顔.webp,540,180,180,180
別顔2_裸吐息_16,16_顔.webp,360,360,180,180
別顔2_裸汗_16,16_顔.webp,540,360,180,180

;------------------------------------------------------------
;17_アリス
;------------------------------------------------------------
;服
別顔3_服_通常_17,17_顔.webp,0,0,180,180
別顔3_服_笑顔_17,17_顔.webp,180,0,180,180
別顔3_服_怒り_17,17_顔.webp,360,0,180,180
別顔3_服_発情_17,17_顔.webp,900,0,180,180
;裸
別顔3_裸_通常_17,17_顔.webp,0,180,180,180
別顔3_裸_笑顔_17,17_顔.webp,180,180,180,180
別顔3_裸_怒り_17,17_顔.webp,360,180,180,180
別顔3_裸_発情_17,17_顔.webp,900,180,180,180
別顔3_裸_オナニー_17,17_顔.webp,720,180,180,180
別顔3_裸_愛撫_17,17_顔.webp,0,360,180,180
別顔3_裸_性交_17,17_顔.webp,180,360,180,180
;エフェクト
別顔3_照れ_17,17_顔.webp,540,0,180,180
別顔3_裸_吐息_17,17_顔.webp,360,360,180,180
別顔3_裸_汗_17,17_顔.webp,540,360,180,180

;------------------------------------------------------------
;21_メルラン
;------------------------------------------------------------
;服
別顔_服_通常_21,21_顔.webp,0,0,180,180
別顔_服_笑顔_21,21_顔.webp,180,0,180,180
別顔_服_怒り_21,21_顔.webp,360,0,180,180
別顔_服_発情_21,21_顔.webp,900,0,180,180
;裸
別顔_裸_通常_21,21_顔.webp,0,180,180,180
別顔_裸_笑顔_21,21_顔.webp,180,180,180,180
別顔_裸_怒り_21,21_顔.webp,360,180,180,180
別顔_裸_発情_21,21_顔.webp,900,180,180,180
別顔_裸_オナニー_21,21_顔.webp,720,180,180,180
別顔_裸_愛撫_21,21_顔.webp,0,360,180,180
別顔_裸_性交_21,21_顔.webp,180,360,180,180
;エフェクト
別顔_照れ_21,21_顔.webp,540,0,180,180
別顔_裸照れ_21,21_顔.webp,540,180,180,180
別顔_裸吐息_21,21_顔.webp,360,360,180,180
別顔_裸汗_21,21_顔.webp,540,360,180,180

;------------------------------------------------------------
;25_藍
;------------------------------------------------------------
;服
別顔3_服_通常_25,25_顔.webp,0,0,180,180
別顔3_服_笑顔_25,25_顔.webp,180,0,180,180
別顔3_服_怒り_25,25_顔.webp,360,0,180,180
別顔3_服_発情_25,25_顔.webp,900,0,180,180
;裸
別顔3_裸_通常_25,25_顔.webp,0,180,180,180
別顔3_裸_笑顔_25,25_顔.webp,180,180,180,180
別顔3_裸_怒り_25,25_顔.webp,360,180,180,180
別顔3_裸_発情_25,25_顔.webp,900,180,180,180
別顔3_裸_オナニー_25,25_顔.webp,720,180,180,180
別顔3_裸_愛撫_25,25_顔.webp,0,360,180,180
別顔3_裸_性交_25,25_顔.webp,180,360,180,180
;エフェクト
別顔3_照れ_25,25_顔.webp,540,0,180,180
別顔3_裸照れ_25,25_顔.webp,540,180,180,180
別顔3_裸吐息_25,25_顔.webp,360,360,180,180
別顔3_裸汗_25,25_顔.webp,540,360,180,180

;------------------------------------------------------------
;29_文
;------------------------------------------------------------
;服
別顔_服_通常_29,29_顔.webp,0,0,180,180
別顔_服_笑顔_29,29_顔.webp,180,0,180,180
別顔_服_怒り_29,29_顔.webp,360,0,180,180
別顔_服_発情_29,29_顔.webp,900,0,180,180
;裸
別顔_裸_通常_29,29_顔.webp,0,180,180,180
別顔_裸_笑顔_29,29_顔.webp,180,180,180,180
別顔_裸_怒り_29,29_顔.webp,360,180,180,180
別顔_裸_発情_29,29_顔.webp,900,180,180,180
別顔_裸_オナニー_29,29_顔.webp,720,180,180,180
別顔_裸_愛撫_29,29_顔.webp,0,360,180,180
別顔_裸_性交_29,29_顔.webp,180,360,180,180
;エフェクト
別顔_照れ_29,29_顔.webp,540,0,180,180
別顔_吐息_29,29_顔.webp,360,360,180,180
別顔_汗_29,29_顔.webp,540,360,180,180
;差分
別顔_服_通常_29_人里,29_顔_1.webp,0,0,180,180
別顔_服_笑顔_29_人里,29_顔_1.webp,180,0,180,180
別顔_服_怒り_29_人里,29_顔_1.webp,360,0,180,180
別顔_服_赤面_29_人里,29_顔_1.webp,540,0,180,180
別顔_服_LOVE_29_人里,29_顔_1.webp,720,0,180,180

;------------------------------------------------------------
;37_お空
;------------------------------------------------------------
;服
別顔2_服_通常_37,37_顔.webp,0,0,180,180
別顔2_服_笑顔_37,37_顔.webp,180,0,180,180
別顔2_服_怒り_37,37_顔.webp,360,0,180,180
別顔2_服_発情_37,37_顔.webp,900,0,180,180
;裸
別顔2_裸_通常_37,37_顔.webp,0,180,180,180
別顔2_裸_笑顔_37,37_顔.webp,180,180,180,180
別顔2_裸_怒り_37,37_顔.webp,360,180,180,180
別顔2_裸_発情_37,37_顔.webp,900,180,180,180
別顔2_裸_オナニー_37,37_顔.webp,720,180,180,180
別顔2_裸_愛撫_37,37_顔.webp,0,360,180,180
別顔2_裸_性交_37,37_顔.webp,180,360,180,180
;エフェクト
別顔2_照れ_37,37_顔.webp,540,0,180,180
別顔2_吐息_37,37_顔.webp,360,360,180,180
別顔2_汗_37,37_顔.webp,540,360,180,180

;------------------------------------------------------------
;38_こいし
;------------------------------------------------------------
;服
別顔_服_通常_38,38_顔.webp,0,0,180,180
別顔_服_笑顔_38,38_顔.webp,180,0,180,180
別顔_服_怒り_38,38_顔.webp,360,0,180,180
別顔_服_発情_38,38_顔.webp,900,0,180,180
;裸
別顔_裸_通常_38,38_顔.webp,0,180,180,180
別顔_裸_笑顔_38,38_顔.webp,180,180,180,180
別顔_裸_怒り_38,38_顔.webp,360,180,180,180
別顔_裸_発情_38,38_顔.webp,900,180,180,180
別顔_裸_オナニー_38,38_顔.webp,720,180,180,180
別顔_裸_愛撫_38,38_顔.webp,0,360,180,180
別顔_裸_性交_38,38_顔.webp,180,360,180,180
;エフェクト
別顔_照れ_38,38_顔.webp,540,0,180,180
別顔_裸照れ_38,38_顔.webp,540,180,180,180
別顔_裸吐息_38,38_顔.webp,360,360,180,180
別顔_裸汗_38,38_顔.webp,540,360,180,180

;------------------------------------------------------------
;39_ナズーリン
;------------------------------------------------------------
;服
別顔2_服_通常_39,39_顔.webp,0,0,180,180
別顔2_服_笑顔_39,39_顔.webp,180,0,180,180
別顔2_服_怒り_39,39_顔.webp,360,0,180,180
別顔2_服_発情_39,39_顔.webp,900,0,180,180
;裸
別顔2_裸_通常_39,39_顔.webp,0,180,180,180
別顔2_裸_笑顔_39,39_顔.webp,180,180,180,180
別顔2_裸_怒り_39,39_顔.webp,360,180,180,180
別顔2_裸_発情_39,39_顔.webp,900,180,180,180
別顔2_裸_オナニー_39,39_顔.webp,720,180,180,180
別顔2_裸_愛撫_39,39_顔.webp,0,360,180,180
別顔2_裸_性交_39,39_顔.webp,180,360,180,180
;エフェクト
別顔2_照れ_39,39_顔.webp,540,0,180,180
別顔2_裸照れ_39,39_顔.webp,540,180,180,180
別顔2_吐息_39,39_顔.webp,360,360,180,180
別顔2_汗_39,39_顔.webp,540,360,180,180
別顔2_ぶっかけ_39,39_顔.webp,720,360,180,180
別顔2_お口_39,39_顔.webp,900,360,180,180

;------------------------------------------------------------
;40_小傘
;------------------------------------------------------------
;服
別顔_服_通常_40,40_顔.webp,0,0,180,180
別顔_服_笑顔_40,40_顔.webp,180,0,180,180
別顔_服_怒り_40,40_顔.webp,360,0,180,180
別顔_服_発情_40,40_顔.webp,900,0,180,180
;裸
別顔_裸_通常_40,40_顔.webp,0,180,180,180
別顔_裸_笑顔_40,40_顔.webp,180,180,180,180
別顔_裸_怒り_40,40_顔.webp,360,180,180,180
別顔_裸_発情_40,40_顔.webp,900,180,180,180
別顔_裸_オナニー_40,40_顔.webp,720,180,180,180
別顔_裸_愛撫_40,40_顔.webp,0,360,180,180
別顔_裸_性交_40,40_顔.webp,180,360,180,180
;エフェクト
別顔_照れ_40,40_顔.webp,540,0,180,180
別顔_吐息_40,40_顔.webp,360,360,180,180
別顔_汗_40,40_顔.webp,540,360,180,180

;------------------------------------------------------------
;41_ぬえ
;------------------------------------------------------------
;服
別顔_服_通常_41,41_顔.webp,0,0,180,180
別顔_服_笑顔_41,41_顔.webp,180,0,180,180
別顔_服_怒り_41,41_顔.webp,360,0,180,180
別顔_服_発情_41,41_顔.webp,900,0,180,180
;裸
別顔_裸_通常_41,41_顔.webp,0,180,180,180
別顔_裸_笑顔_41,41_顔.webp,180,180,180,180
別顔_裸_怒り_41,41_顔.webp,360,180,180,180
別顔_裸_発情_41,41_顔.webp,900,180,180,180
別顔_裸_オナニー_41,41_顔.webp,720,180,180,180
別顔_裸_愛撫_41,41_顔.webp,0,360,180,180
別顔_裸_性交_41,41_顔.webp,180,360,180,180
;エフェクト
別顔_照れ_41,41_顔.webp,540,0,180,180
別顔_裸照れ_41,41_顔.webp,540,0,180,180
別顔_吐息_41,41_顔.webp,360,360,180,180
別顔_汗_41,41_顔.webp,540,360,180,180
別顔_母乳_41,41_顔.webp,540,180,180,180
別顔_ぶっかけ_41,41_顔.webp,720,360,180,180
別顔_お口_41,41_顔.webp,900,360,180,180

;------------------------------------------------------------
;42_はたて
;------------------------------------------------------------
;服
別顔2_服_通常_42,42_顔.webp,0,0,180,180
別顔2_服_笑顔_42,42_顔.webp,180,0,180,180
別顔2_服_怒り_42,42_顔.webp,360,0,180,180
別顔2_服_発情_42,42_顔.webp,900,0,180,180
;裸
別顔2_裸_通常_42,42_顔.webp,0,180,180,180
別顔2_裸_笑顔_42,42_顔.webp,180,180,180,180
別顔2_裸_怒り_42,42_顔.webp,360,180,180,180
別顔2_裸_発情_42,42_顔.webp,900,180,180,180
別顔2_裸_オナニー_42,42_顔.webp,720,180,180,180
別顔2_裸_愛撫_42,42_顔.webp,0,360,180,180
別顔2_裸_性交_42,42_顔.webp,180,360,180,180
;エフェクト
別顔2_照れ_42,42_顔.webp,540,0,180,180
別顔2_吐息_42,42_顔.webp,360,360,180,180
別顔2_汗_42,42_顔.webp,540,360,180,180

;------------------------------------------------------------
;43_華扇
;------------------------------------------------------------
;服
別顔2_服_通常_43,43_顔.webp,0,0,180,180
別顔2_服_笑顔_43,43_顔.webp,180,0,180,180
別顔2_服_怒り_43,43_顔.webp,360,0,180,180
別顔2_服_発情_43,43_顔.webp,900,0,180,180
;裸
別顔2_裸_通常_43,43_顔.webp,0,180,180,180
別顔2_裸_笑顔_43,43_顔.webp,180,180,180,180
別顔2_裸_怒り_43,43_顔.webp,360,180,180,180
別顔2_裸_発情_43,43_顔.webp,900,180,180,180
別顔2_裸_オナニー_43,43_顔.webp,720,180,180,180
別顔2_裸_愛撫_43,43_顔.webp,0,360,180,180
別顔2_裸_性交_43,43_顔.webp,180,360,180,180
;エフェクト
別顔2_照れ_43,43_顔.webp,540,0,180,180
別顔2_吐息_43,43_顔.webp,360,360,180,180
別顔2_汗_43,43_顔.webp,540,360,180,180

;------------------------------------------------------------
;49_さとり
;------------------------------------------------------------
;服
別顔3_服_通常_49,49_顔.webp,0,0,180,180
別顔3_服_笑顔_49,49_顔.webp,180,0,180,180
別顔3_服_怒り_49,49_顔.webp,360,0,180,180
別顔3_服_睡眠_49,49_顔.webp,720,0,180,180
別顔3_服_発情_49,49_顔.webp,900,0,180,180
;裸
別顔3_裸_通常_49,49_顔.webp,0,180,180,180
別顔3_裸_笑顔_49,49_顔.webp,180,180,180,180
別顔3_裸_怒り_49,49_顔.webp,360,180,180,180
別顔3_裸_睡眠_49,49_顔.webp,720,180,180,180
別顔3_裸_発情_49,49_顔.webp,900,180,180,180
別顔3_裸_オナニー_49,49_顔.webp,720,360,180,180
別顔3_裸_愛撫_49,49_顔.webp,0,540,180,180
別顔3_裸_性交_49,49_顔.webp,180,540,180,180
;マウスオーバー表情
別顔3_裸_裸通常_49,49_顔.webp,0,360,180,180
別顔3_裸_裸笑顔_49,49_顔.webp,180,360,180,180
別顔3_裸_裸怒り_49,49_顔.webp,360,360,180,180
別顔3_裸_裸睡眠_49,49_顔.webp,720,360,180,180
別顔3_裸_裸発情_49,49_顔.webp,900,360,180,180
;エフェクト
別顔3_照れ_49,49_顔.webp,540,0,180,180
別顔3_吐息_49,49_顔.webp,360,540,180,180
別顔3_汗_49,49_顔.webp,540,540,180,180
;princess mode
;服
別顔3_服_通常_49_favor,49_顔_favor.webp,0,0,180,180
別顔3_服_笑顔_49_favor,49_顔_favor.webp,180,0,180,180
別顔3_服_怒り_49_favor,49_顔_favor.webp,360,0,180,180
別顔3_服_睡眠_49_favor,49_顔_favor.webp,720,0,180,180
別顔3_服_発情_49_favor,49_顔_favor.webp,900,0,180,180
;裸
別顔3_裸_通常_49_favor,49_顔_favor.webp,0,180,180,180
別顔3_裸_笑顔_49_favor,49_顔_favor.webp,180,180,180,180
別顔3_裸_怒り_49_favor,49_顔_favor.webp,360,180,180,180
別顔3_裸_睡眠_49_favor,49_顔_favor.webp,720,180,180,180
別顔3_裸_発情_49_favor,49_顔_favor.webp,900,180,180,180
別顔3_裸_オナニー_49_favor,49_顔_favor.webp,720,360,180,180
別顔3_裸_愛撫_49_favor,49_顔_favor.webp,0,540,180,180
別顔3_裸_性交_49_favor,49_顔_favor.webp,180,540,180,180
;マウスオーバー表情
別顔3_裸_裸通常_49_favor,49_顔_favor.webp,0,360,180,180
別顔3_裸_裸笑顔_49_favor,49_顔_favor.webp,180,360,180,180
別顔3_裸_裸怒り_49_favor,49_顔_favor.webp,360,360,180,180
別顔3_裸_裸睡眠_49_favor,49_顔_favor.webp,720,360,180,180
別顔3_裸_裸発情_49_favor,49_顔_favor.webp,900,360,180,180
;エフェクト
別顔3_照れ_49_favor,49_顔_favor.webp,540,0,180,180
別顔3_吐息_49_favor,49_顔_favor.webp,360,540,180,180
別顔3_汗_49_favor,49_顔_favor.webp,540,540,180,180

;------------------------------------------------------------
;54_パチュリー
;------------------------------------------------------------
;服
別顔3_服_通常_54,54_顔.webp,0,0,180,180
別顔3_服_笑顔_54,54_顔.webp,180,0,180,180
別顔3_服_怒り_54,54_顔.webp,360,0,180,180
別顔3_服_発情_54,54_顔.webp,900,0,180,180
;裸
別顔3_裸_通常_54,54_顔.webp,0,180,180,180
別顔3_裸_笑顔_54,54_顔.webp,180,180,180,180
別顔3_裸_怒り_54,54_顔.webp,360,180,180,180
別顔3_裸_発情_54,54_顔.webp,900,180,180,180
別顔3_裸_オナニー_54,54_顔.webp,720,180,180,180
別顔3_裸_愛撫_54,54_顔.webp,0,360,180,180
別顔3_裸_性交_54,54_顔.webp,180,360,180,180
;エフェクト
別顔3_照れ_54,54_顔.webp,540,0,180,180
別顔3_吐息_54,54_顔.webp,360,360,180,180
別顔3_汗_54,54_顔.webp,540,360,180,180

;------------------------------------------------------------
;55_白蓮
;------------------------------------------------------------
;服
別顔3_服_通常_55,55_顔.webp,0,0,180,180
別顔3_服_笑顔_55,55_顔.webp,180,0,180,180
別顔3_服_怒り_55,55_顔.webp,360,0,180,180
別顔3_服_発情_55,55_顔.webp,900,0,180,180
;裸
別顔3_裸_通常_55,55_顔.webp,0,180,180,180
別顔3_裸_笑顔_55,55_顔.webp,180,180,180,180
別顔3_裸_怒り_55,55_顔.webp,360,180,180,180
別顔3_裸_発情_55,55_顔.webp,900,180,180,180
別顔3_裸_オナニー_55,55_顔.webp,720,180,180,180
別顔3_裸_愛撫_55,55_顔.webp,0,360,180,180
別顔3_裸_性交_55,55_顔.webp,180,360,180,180
;エフェクト
別顔3_照れ_55,55_顔.webp,540,0,180,180
別顔3_裸照れ_55,55_顔.webp,540,0,180,180
別顔3_吐息_55,55_顔.webp,360,360,180,180
別顔3_汗_55,55_顔.webp,540,360,180,180

別顔3_母乳_55,55_顔.webp,540,180,180,180
別顔3_ぶっかけ_55,55_顔.webp,720,360,180,180
別顔3_お口_55,55_顔.webp,900,360,180,180

;差分
別顔3_服_夏服_通常_55,55_顔_2.webp,0,0,180,180
別顔3_服_夏服_笑顔_55,55_顔_2.webp,180,0,180,180
別顔3_服_夏服_怒り_55,55_顔_2.webp,360,0,180,180
別顔3_服_夏服_発情_55,55_顔_2.webp,900,0,180,180
;ライダースーツ
別顔3_服_ボディスーツ_通常_55,55_顔_スーツ.webp,0,0,180,180
別顔3_服_ボディスーツ_笑顔_55,55_顔_スーツ.webp,180,0,180,180
別顔3_服_ボディスーツ_怒り_55,55_顔_スーツ.webp,360,0,180,180
別顔3_服_ボディスーツ_発情_55,55_顔_スーツ.webp,900,0,180,180

;------------------------------------------------------------
;61_妹紅
;------------------------------------------------------------
;服
別顔3_服_通常_61,61_顔.webp,0,0,180,180
別顔3_服_笑顔_61,61_顔.webp,180,0,180,180
別顔3_服_怒り_61,61_顔.webp,360,0,180,180
別顔3_服_発情_61,61_顔.webp,900,0,180,180
;裸
別顔3_裸_通常_61,61_顔.webp,0,180,180,180
別顔3_裸_笑顔_61,61_顔.webp,180,180,180,180
別顔3_裸_怒り_61,61_顔.webp,360,180,180,180
別顔3_裸_発情_61,61_顔.webp,900,180,180,180
別顔3_裸_オナニー_61,61_顔.webp,720,180,180,180
別顔3_裸_愛撫_61,61_顔.webp,0,540,180,180
別顔3_裸_性交_61,61_顔.webp,180,540,180,180
;特殊服装
別顔3_服_夏服_通常_61,61_顔.webp,0,360,180,180
別顔3_服_夏服_笑顔_61,61_顔.webp,180,360,180,180
別顔3_服_夏服_怒り_61,61_顔.webp,360,360,180,180
別顔3_服_夏服_発情_61,61_顔.webp,900,360,180,180
;エフェクト
別顔3_照れ_61,61_顔.webp,540,0,180,180
別顔3_裸照れ_61,61_顔.webp,540,180,180,180
別顔3_裸吐息_61,61_顔.webp,360,540,180,180
別顔3_裸汗_61,61_顔.webp,540,540,180,180

;------------------------------------------------------------
;63_影狼
;------------------------------------------------------------
;服
別顔2_服_通常_63,63_顔.webp,0,0,180,180
別顔2_服_笑顔_63,63_顔.webp,180,0,180,180
別顔2_服_怒り_63,63_顔.webp,360,0,180,180
別顔2_服_発情_63,63_顔.webp,900,0,180,180
;裸
別顔2_裸_通常_63,63_顔.webp,0,180,180,180
別顔2_裸_笑顔_63,63_顔.webp,180,180,180,180
別顔2_裸_怒り_63,63_顔.webp,360,180,180,180
別顔2_裸_発情_63,63_顔.webp,900,180,180,180
別顔2_裸_オナニー_63,63_顔.webp,720,180,180,180
別顔2_裸_愛撫_63,63_顔.webp,0,360,180,180
別顔2_裸_性交_63,63_顔.webp,180,360,180,180
;エフェクト
別顔2_照れ_63,63_顔.webp,540,0,180,180
別顔2_吐息_63,63_顔.webp,360,360,180,180
別顔2_汗_63,63_顔.webp,540,360,180,180

;------------------------------------------------------------
;69_マミゾウ
;------------------------------------------------------------
;服
別顔2_服_通常_69,69_顔.webp,0,0,180,180
別顔2_服_笑顔_69,69_顔.webp,180,0,180,180
別顔2_服_怒り_69,69_顔.webp,360,0,180,180
別顔2_服_発情_69,69_顔.webp,900,0,180,180
;裸
別顔2_裸_通常_69,69_顔.webp,0,180,180,180
別顔2_裸_笑顔_69,69_顔.webp,180,180,180,180
別顔2_裸_怒り_69,69_顔.webp,360,180,180,180
別顔2_裸_発情_69,69_顔.webp,900,180,180,180
別顔2_裸_オナニー_69,69_顔.webp,720,180,180,180
別顔2_裸_愛撫_69,69_顔.webp,0,360,180,180
別顔2_裸_性交_69,69_顔.webp,180,360,180,180
;エフェクト
別顔2_照れ_69,69_顔.webp,540,180,180,180
別顔2_裸照れ_69,69_顔.webp,540,0,180,180
別顔2_吐息_69,69_顔.webp,360,360,180,180
別顔2_汗_69,69_顔.webp,540,360,180,180
;差分
別顔2_服_通常_69_人里,69_顔_1.webp,0,0,180,180
別顔2_服_笑顔_69_人里,69_顔_1.webp,180,0,180,180
別顔2_服_怒り_69_人里,69_顔_1.webp,360,0,180,180
別顔2_服_赤面_69_人里,69_顔_1.webp,540,0,180,180
別顔2_服_LOVE_69_人里,69_顔_1.webp,720,0,180,180

;------------------------------------------------------------
;75_メディスン
;------------------------------------------------------------
;服
別顔2_服_通常_75,75_顔.webp,0,0,180,180
別顔2_服_笑顔_75,75_顔.webp,180,0,180,180
別顔2_服_怒り_75,75_顔.webp,360,0,180,180
別顔2_服_発情_75,75_顔.webp,900,0,180,180
;裸
別顔2_裸_通常_75,75_顔.webp,0,180,180,180
別顔2_裸_笑顔_75,75_顔.webp,180,180,180,180
別顔2_裸_怒り_75,75_顔.webp,360,180,180,180
別顔2_裸_発情_75,75_顔.webp,900,180,180,180
別顔2_裸_オナニー_75,75_顔.webp,720,180,180,180
別顔2_裸_愛撫_75,75_顔.webp,0,360,180,180
別顔2_裸_性交_75,75_顔.webp,180,360,180,180
;エフェクト
別顔2_照れ_75,75_顔.webp,540,0,180,180
別顔2_吐息_75,75_顔.webp,360,360,180,180
別顔2_汗_75,75_顔.webp,540,360,180,180

;------------------------------------------------------------
;76_小町
;------------------------------------------------------------
;服
別顔_服_通常_76,76_顔.webp,0,0,180,180
別顔_服_笑顔_76,76_顔.webp,180,0,180,180
別顔_服_怒り_76,76_顔.webp,360,0,180,180
別顔_服_発情_76,76_顔.webp,900,0,180,180
;裸
別顔_裸_通常_76,76_顔.webp,0,180,180,180
別顔_裸_笑顔_76,76_顔.webp,180,180,180,180
別顔_裸_怒り_76,76_顔.webp,360,180,180,180
別顔_裸_発情_76,76_顔.webp,900,180,180,180
別顔_裸_オナニー_76,76_顔.webp,720,180,180,180
別顔_裸_愛撫_76,76_顔.webp,0,360,180,180
別顔_裸_性交_76,76_顔.webp,180,360,180,180
;エフェクト
別顔_照れ_76,76_顔.webp,540,0,180,180
別顔_吐息_76,76_顔.webp,360,360,180,180
別顔_汗_76,76_顔.webp,540,360,180,180
別顔_母乳_76,76_顔.webp,720,360,180,180

;------------------------------------------------------------
;79_雛
;------------------------------------------------------------
;服
別顔_服_通常_79,79_顔.webp,0,0,180,180
別顔_服_笑顔_79,79_顔.webp,180,0,180,180
別顔_服_怒り_79,79_顔.webp,360,0,180,180
別顔_服_発情_79,79_顔.webp,900,0,180,180
;裸
別顔_裸_通常_79,79_顔.webp,0,180,180,180
別顔_裸_笑顔_79,79_顔.webp,180,180,180,180
別顔_裸_怒り_79,79_顔.webp,360,180,180,180
別顔_裸_発情_79,79_顔.webp,900,180,180,180
別顔_裸_オナニー_79,79_顔.webp,720,180,180,180
別顔_裸_愛撫_79,79_顔.webp,0,360,180,180
別顔_裸_性交_79,79_顔.webp,180,360,180,180
;エフェクト
別顔_照れ_79,79_顔.webp,540,0,180,180
別顔_吐息_79,79_顔.webp,360,360,180,180
別顔_汗_79,79_顔.webp,540,360,180,180

;------------------------------------------------------------
;88_響子
;------------------------------------------------------------
;服
別顔2_服_通常_88,88_顔.webp,0,0,180,180
別顔2_服_笑顔_88,88_顔.webp,180,0,180,180
別顔2_服_怒り_88,88_顔.webp,360,0,180,180
別顔2_服_発情_88,88_顔.webp,900,0,180,180
;裸
別顔2_裸_通常_88,88_顔.webp,0,180,180,180
別顔2_裸_笑顔_88,88_顔.webp,180,180,180,180
別顔2_裸_怒り_88,88_顔.webp,360,180,180,180
別顔2_裸_発情_88,88_顔.webp,900,180,180,180
別顔2_裸_オナニー_88,88_顔.webp,720,180,180,180
別顔2_裸_愛撫_88,88_顔.webp,0,540,180,180
別顔2_裸_性交_88,88_顔.webp,180,540,180,180
;特殊服装
別顔2_服_ライブ_通常_88,88_顔.webp,0,360,180,180
別顔2_服_ライブ_笑顔_88,88_顔.webp,180,360,180,180
別顔2_服_ライブ_怒り_88,88_顔.webp,360,360,180,180
;エフェクト
別顔2_照れ_88,88_顔.webp,540,0,180,180
別顔2_吐息_88,88_顔.webp,360,540,180,180
別顔2_汗_88,88_顔.webp,540,540,180,180
別顔2_お口_88,88_顔.webp,900,540,180,180
別顔2_ぶっかけ_88,88_顔.webp,720,540,180,180

;------------------------------------------------------------
;90_青娥
;------------------------------------------------------------
;服
別顔_服_通常_90,90_顔.webp,0,0,180,180
別顔_服_笑顔_90,90_顔.webp,180,0,180,180
別顔_服_怒り_90,90_顔.webp,360,0,180,180
別顔_服_発情_90,90_顔.webp,900,0,180,180
;裸
別顔_裸_通常_90,90_顔.webp,0,180,180,180
別顔_裸_笑顔_90,90_顔.webp,180,180,180,180
別顔_裸_怒り_90,90_顔.webp,360,180,180,180
別顔_裸_発情_90,90_顔.webp,900,180,180,180
別顔_裸_オナニー_90,90_顔.webp,720,180,180,180
別顔_裸_愛撫_90,90_顔.webp,0,360,180,180
別顔_裸_性交_90,90_顔.webp,180,360,180,180
;エフェクト
別顔_照れ_90,90_顔.webp,540,0,180,180
別顔_裸照れ_90,90_顔.webp,540,180,180,180
別顔_裸吐息_90,90_顔.webp,360,360,180,180
別顔_裸汗_90,90_顔.webp,540,360,180,180

;------------------------------------------------------------
;99_豊姫
;------------------------------------------------------------
;服
別顔2_服_通常_99,99_顔.webp,0,0,180,180
別顔2_服_笑顔_99,99_顔.webp,180,0,180,180
別顔2_服_怒り_99,99_顔.webp,360,0,180,180
別顔2_服_発情_99,99_顔.webp,900,0,180,180
;裸
別顔2_裸_通常_99,99_顔.webp,0,180,180,180
別顔2_裸_笑顔_99,99_顔.webp,180,180,180,180
別顔2_裸_怒り_99,99_顔.webp,360,180,180,180
別顔2_裸_発情_99,99_顔.webp,900,180,180,180
別顔2_裸_オナニー_99,99_顔.webp,720,180,180,180
別顔2_裸_愛撫_99,99_顔.webp,0,360,180,180
別顔2_裸_性交_99,99_顔.webp,180,360,180,180
;エフェクト
別顔2_照れ_99,99_顔.webp,540,0,180,180
別顔2_裸照れ_99,99_顔.webp,540,180,180,180
別顔2_裸吐息_99,99_顔.webp,360,360,180,180
別顔2_裸汗_99,99_顔.webp,540,360,180,180

;------------------------------------------------------------
;100_レイセン
;------------------------------------------------------------
;服
別顔2_服_通常_100,100_顔.webp,0,0,180,180
別顔2_服_笑顔_100,100_顔.webp,180,0,180,180
別顔2_服_怒り_100,100_顔.webp,360,0,180,180
別顔2_服_発情_100,100_顔.webp,900,0,180,180
;裸
別顔2_裸_通常_100,100_顔.webp,0,180,180,180
別顔2_裸_笑顔_100,100_顔.webp,180,180,180,180
別顔2_裸_怒り_100,100_顔.webp,360,180,180,180
別顔2_裸_発情_100,100_顔.webp,900,180,180,180
別顔2_裸_オナニー_100,100_顔.webp,720,180,180,180
別顔2_裸_愛撫_100,100_顔.webp,0,360,180,180
別顔2_裸_性交_100,100_顔.webp,180,360,180,180
;エフェクト
別顔2_照れ_100,100_顔.webp,540,0,180,180
別顔2_吐息_100,100_顔.webp,360,360,180,180
別顔2_汗_100,100_顔.webp,540,360,180,180

;------------------------------------------------------------
;109_ドレミ―
;------------------------------------------------------------
;服
別顔2_服_通常_109,109_顔.webp,0,0,180,180
別顔2_服_笑顔_109,109_顔.webp,180,0,180,180
別顔2_服_怒り_109,109_顔.webp,360,0,180,180
別顔2_服_睡眠_109,109_顔.webp,720,0,180,180
別顔2_服_発情_109,109_顔.webp,900,0,180,180
;裸
別顔2_裸_通常_109,109_顔.webp,0,180,180,180
別顔2_裸_笑顔_109,109_顔.webp,180,180,180,180
別顔2_裸_怒り_109,109_顔.webp,360,180,180,180
別顔2_裸_睡眠_109,109_顔.webp,720,180,180,180
別顔2_裸_発情_109,109_顔.webp,900,180,180,180
別顔2_裸_オナニー_109,109_顔.webp,540,180,180,180
別顔2_裸_愛撫_109,109_顔.webp,0,360,180,180
別顔2_裸_性交_109,109_顔.webp,180,360,180,180
;エフェクト
別顔2_照れ_109,109_顔.webp,540,0,180,180
別顔2_吐息_109,109_顔.webp,360,360,180,180
別顔2_汗_109,109_顔.webp,540,360,180,180

;------------------------------------------------------------
;110_サグメ
;------------------------------------------------------------
;服
別顔_服_通常_110,110_顔.webp,0,0,180,180
別顔_服_笑顔_110,110_顔.webp,180,0,180,180
別顔_服_怒り_110,110_顔.webp,360,0,180,180
別顔_服_発情_110,110_顔.webp,900,0,180,180
;裸
別顔_裸_通常_110,110_顔.webp,0,180,180,180
別顔_裸_笑顔_110,110_顔.webp,180,180,180,180
別顔_裸_怒り_110,110_顔.webp,360,180,180,180
別顔_裸_発情_110,110_顔.webp,900,180,180,180
別顔_裸_オナニー_110,110_顔.webp,720,180,180,180
別顔_裸_愛撫_110,110_顔.webp,0,360,180,180
別顔_裸_性交_110,110_顔.webp,180,360,180,180
;エフェクト
別顔_照れ_110,110_顔.webp,540,0,180,180
別顔_裸照れ_110,110_顔.webp,540,180,180,180
別顔_吐息_110,110_顔.webp,360,360,180,180
別顔_汗_110,110_顔.webp,540,360,180,180

;------------------------------------------------------------
;112_純狐
;------------------------------------------------------------
;服
別顔2_服_通常_112,112_顔.webp,0,0,180,180
別顔2_服_笑顔_112,112_顔.webp,180,0,180,180
別顔2_服_怒り_112,112_顔.webp,360,0,180,180
別顔2_服_発情_112,112_顔.webp,900,0,180,180
;裸
別顔2_裸_通常_112,112_顔.webp,0,180,180,180
別顔2_裸_笑顔_112,112_顔.webp,180,180,180,180
別顔2_裸_怒り_112,112_顔.webp,360,180,180,180
別顔2_裸_発情_112,112_顔.webp,900,180,180,180
別顔2_裸_オナニー_112,112_顔.webp,720,180,180,180
別顔2_裸_愛撫_112,112_顔.webp,0,360,180,180
別顔2_裸_性交_112,112_顔.webp,180,360,180,180
;エフェクト
別顔2_照れ_112,112_顔.webp,540,0,180,180
別顔2_吐息_112,112_顔.webp,360,360,180,180
別顔2_汗_112,112_顔.webp,540,360,180,180

;------------------------------------------------------------
;119_ネムノ
;------------------------------------------------------------
;服
別顔_服_通常_119,119_顔.webp,0,0,180,180
別顔_服_笑顔_119,119_顔.webp,180,0,180,180
別顔_服_怒り_119,119_顔.webp,360,0,180,180
別顔_服_発情_119,119_顔.webp,900,0,180,180
;裸
別顔_裸_通常_119,119_顔.webp,0,180,180,180
別顔_裸_笑顔_119,119_顔.webp,180,180,180,180
別顔_裸_怒り_119,119_顔.webp,360,180,180,180
別顔_裸_発情_119,119_顔.webp,900,180,180,180
別顔_裸_オナニー_119,119_顔.webp,720,180,180,180
別顔_裸_愛撫_119,119_顔.webp,0,360,180,180
別顔_裸_性交_119,119_顔.webp,180,360,180,180
;エフェクト
別顔_照れ_119,119_顔.webp,540,0,180,180
別顔_裸照れ_119,119_顔.webp,540,180,180,180
別顔_吐息_119,119_顔.webp,360,360,180,180
別顔_汗_119,119_顔.webp,540,360,180,180

;------------------------------------------------------------
;125_女苑
;------------------------------------------------------------
;服
別顔_服_通常_125,125_顔.webp,0,0,180,180
別顔_服_笑顔_125,125_顔.webp,180,0,180,180
別顔_服_怒り_125,125_顔.webp,360,0,180,180
別顔_服_発情_125,125_顔.webp,900,0,180,180
;裸
別顔_裸_通常_125,125_顔.webp,0,180,180,180
別顔_裸_笑顔_125,125_顔.webp,180,180,180,180
別顔_裸_怒り_125,125_顔.webp,360,180,180,180
別顔_裸_発情_125,125_顔.webp,900,180,180,180
別顔_裸_オナニー_125,125_顔.webp,720,180,180,180
別顔_裸_愛撫_125,125_顔.webp,0,360,180,180
別顔_裸_性交_125,125_顔.webp,180,360,180,180
;エフェクト
別顔_照れ_125,125_顔.webp,540,0,180,180
別顔_吐息_125,125_顔.webp,360,360,180,180
別顔_汗_125,125_顔.webp,540,360,180,180
別顔_ぶっかけ_125,125_顔.webp,720,360,180,180
別顔_お口_125,125_顔.webp,900,360,180,180
;差分

;------------------------------------------------------------
;126_紫苑
;------------------------------------------------------------
;服
別顔_服_通常_126,126_顔.webp,0,0,180,180
別顔_服_笑顔_126,126_顔.webp,180,0,180,180
別顔_服_怒り_126,126_顔.webp,360,0,180,180
別顔_服_発情_126,126_顔.webp,900,0,180,180
;裸
別顔_裸_通常_126,126_顔.webp,0,180,180,180
別顔_裸_笑顔_126,126_顔.webp,180,180,180,180
別顔_裸_怒り_126,126_顔.webp,360,180,180,180
別顔_裸_発情_126,126_顔.webp,900,180,180,180
別顔_裸_オナニー_126,126_顔.webp,720,180,180,180
別顔_裸_愛撫_126,126_顔.webp,0,360,180,180
別顔_裸_性交_126,126_顔.webp,180,360,180,180
;エフェクト
別顔_照れ_126,126_顔.webp,540,0,180,180
別顔_吐息_126,126_顔.webp,360,360,180,180
別顔_汗_126,126_顔.webp,540,360,180,180

;------------------------------------------------------------
;128_潤美
;------------------------------------------------------------
;服
別顔_服_通常_128,128_顔.webp,0,0,180,180
別顔_服_笑顔_128,128_顔.webp,180,0,180,180
別顔_服_怒り_128,128_顔.webp,360,0,180,180
別顔_服_睡眠_128,128_顔.webp,720,0,180,180
別顔_服_発情_128,128_顔.webp,900,0,180,180
;裸
別顔_裸_通常_128,128_顔.webp,0,180,180,180
別顔_裸_笑顔_128,128_顔.webp,180,180,180,180
別顔_裸_怒り_128,128_顔.webp,360,180,180,180
別顔_裸_睡眠_128,128_顔.webp,720,180,180,180
別顔_裸_発情_128,128_顔.webp,900,180,180,180
別顔_裸_オナニー_128,128_顔.webp,540,180,180,180
別顔_裸_愛撫_128,128_顔.webp,0,360,180,180
別顔_裸_性交_128,128_顔.webp,180,360,180,180
;エフェクト
別顔_照れ_128,128_顔.webp,540,0,180,180
別顔_吐息_128,128_顔.webp,360,360,180,180
別顔_汗_128,128_顔.webp,540,360,180,180
別顔_母乳_128,128_顔.webp,720,360,180,180
別顔_爆乳母乳_128,128_顔.webp,900,360,180,180