;----------------------------------
;WARNING: This file is to be opened and edited using a text editor. (e.g. Notepad/vi/emacs/Notepad++/VS Code)
;Do NOT use a spreadsheet tool (e.g. Excel) to edit this file.
;----------------------------------
;Custom Portraits
;
;This file is tracked in git, do not modify unless you want to lose your changes.
;Copy this file as custom.csv and edit it with your images instead.
;
;Adding new images consists of two steps:
; 1. The image file being put into this directory. The image should be either a .png/.webp and of 180x180 pixels.
; 2. A line in a .csv file linking the file to a cXX ResourceName ID.
;
;For ease of use, a template below has been prepared:
; 1. Choose a number you like (beginning from the lowest number, i.e. 10, is recommended). Go to the line that begins with "c" and your number (e.g. "c10").
; 2. Make sure the Filename (second column) is the same as the name of your image. This can be done by either saving the file as c10.png, or changing the line to be "c10,YourFileName.png,0,0,180,180" instead.
; 3. Enable the line by removing the ";" from the beginning of the line. As you probably gathered, the ";" characters are comments.
;
;For backups (you have backups, right?) just save this directory and the dat directory (where your custom characters are saved) from the game root folder.
;----------------------------------
;
;ResourceName,Filename,PositionX,PositionY,Width,Height
c1,c1.png,0,0,180,180
c2,c2.png,0,0,180,180
c3,c3.png,0,0,180,180
c4,c4.png,0,0,180,180
c5,c5.png,0,0,180,180
c6,c6.png,0,0,180,180

;c10,c10.png,0,0,180,180
;c11,c11.png,0,0,180,180
;c12,c12.png,0,0,180,180
;c13,c13.png,0,0,180,180
;c14,c14.png,0,0,180,180
;c15,c15.png,0,0,180,180
;c16,c16.png,0,0,180,180
;c17,c17.png,0,0,180,180
;c18,c18.png,0,0,180,180
;c19,c19.png,0,0,180,180
;c20,c20.png,0,0,180,180
;c21,c21.png,0,0,180,180
;c22,c22.png,0,0,180,180
;c23,c23.png,0,0,180,180
;c24,c24.png,0,0,180,180
;c25,c25.png,0,0,180,180
;c26,c26.png,0,0,180,180
;c27,c27.png,0,0,180,180
;c28,c28.png,0,0,180,180
;c29,c29.png,0,0,180,180
;c30,c30.png,0,0,180,180
;c31,c31.png,0,0,180,180
;c32,c32.png,0,0,180,180
;c33,c33.png,0,0,180,180
;c34,c34.png,0,0,180,180
;c35,c35.png,0,0,180,180
;c36,c36.png,0,0,180,180
;c37,c37.png,0,0,180,180
;c38,c38.png,0,0,180,180
;c39,c39.png,0,0,180,180
;c40,c40.png,0,0,180,180
;c41,c41.png,0,0,180,180
;c42,c42.png,0,0,180,180
;c43,c43.png,0,0,180,180
;c44,c44.png,0,0,180,180
;c45,c45.png,0,0,180,180
;c46,c46.png,0,0,180,180
;c47,c47.png,0,0,180,180
;c48,c48.png,0,0,180,180
;c49,c49.png,0,0,180,180
;c50,c50.png,0,0,180,180
;c51,c51.png,0,0,180,180
;c52,c52.png,0,0,180,180
;c53,c53.png,0,0,180,180
;c54,c54.png,0,0,180,180
;c55,c55.png,0,0,180,180
;c56,c56.png,0,0,180,180
;c57,c57.png,0,0,180,180
;c58,c58.png,0,0,180,180
;c59,c59.png,0,0,180,180
;c60,c60.png,0,0,180,180
;c61,c61.png,0,0,180,180
;c62,c62.png,0,0,180,180
;c63,c63.png,0,0,180,180
;c64,c64.png,0,0,180,180
;c65,c65.png,0,0,180,180
;c66,c66.png,0,0,180,180
;c67,c67.png,0,0,180,180
;c68,c68.png,0,0,180,180
;c69,c69.png,0,0,180,180
;c70,c70.png,0,0,180,180
;c71,c71.png,0,0,180,180
;c72,c72.png,0,0,180,180
;c73,c73.png,0,0,180,180
;c74,c74.png,0,0,180,180
;c75,c75.png,0,0,180,180
;c76,c76.png,0,0,180,180
;c77,c77.png,0,0,180,180
;c78,c78.png,0,0,180,180
;c79,c79.png,0,0,180,180
;c80,c80.png,0,0,180,180
;c81,c81.png,0,0,180,180
;c82,c82.png,0,0,180,180
;c83,c83.png,0,0,180,180
;c84,c84.png,0,0,180,180
;c85,c85.png,0,0,180,180
;c86,c86.png,0,0,180,180
;c87,c87.png,0,0,180,180
;c88,c88.png,0,0,180,180
;c89,c89.png,0,0,180,180
;c90,c90.png,0,0,180,180
;c91,c91.png,0,0,180,180
;c92,c92.png,0,0,180,180
;c93,c93.png,0,0,180,180
;c94,c94.png,0,0,180,180
;c95,c95.png,0,0,180,180
;c96,c96.png,0,0,180,180
;c97,c97.png,0,0,180,180
;c98,c98.png,0,0,180,180
;c99,c99.png,0,0,180,180
