番号,169,
名前,Layla Prismriver,
呼び名,Layla,
基礎,体力,2500
基礎,気力,1500
基礎,勃起,1500
基礎,精力,10000
基礎,法力,1000
基礎,ムード,1500
基礎,理性,1000
基礎,怒り,1000
基礎,仕事量,0
基礎,深度,2000
基礎,酒気,1500
素質,処女,1
素質,キス未経験,1
素質,性別,1

素質,人間,6;outsider

経験,レズ経験,50
フラグ,基本服装セット,120;服装
フラグ,地位,400;地位
フラグ,初期位置,349;開始位置;EX
フラグ,来訪時間,570;9.5時
フラグ,帰宅時間,1140;19時
フラグ,就寝時間,1380;23時
フラグ,起床時間,540;9時
フラグ,よく行く地域,6
フラグ,自宅位置,330;廃洋館
フラグ,弾幕特能,130
フラグ,口調,2
;CSTR,仕事情報,
;CSTR,職場,
CSTR,10,～Poltergeist Conjurer～　●Race:Human ●Ability:Conjuring poltergeists

相性,20,150;メルラン
相性,21,150;メルラン
相性,22,150;ルナサ

フラグ,移動節度,-1
フラグ,出禁,17