番号,177,
名前,Matenshi,
呼び名,Matenshi,
基礎,体力,2000
基礎,気力,1500
基礎,勃起,1500
基礎,精力,750
基礎,法力,1000
基礎,ムード,1500
基礎,理性,1000
基礎,怒り,1000
基礎,仕事量,0
基礎,深度,2000
基礎,酒気,1500
素質,処女,1
素質,キス未経験,1
素質,性別,3

素質,妖怪,13;angel

素質,体型,-1
素質,形状,1;shota dick

素質,プライド,-1
素質,性的興味,1;保守的
素質,自己愛,1;抑圧
素質,濡れやすさ,-1; hard to get wet
素質,汚臭耐性,1
素質,献身的,1
素質,Ｃ感度,2
素質,Ｂ感度,-1
素質,Ｍ感度,-1



能力,清掃技能,2
能力,話術技能,3
能力,戦闘能力,2
能力,教養,1
能力,料理技能,0
能力,音楽技能,3
素質,伐採Lv,0
素質,釣りLv,0
素質,採集Lv,1
素質,調合Lv,0

能力,欲望,2
能力,奉仕精神,3



フラグ,地位,400;地位
フラグ,初期位置,1170;開始位置;EX
フラグ,来訪時間,570;9.5時
フラグ,帰宅時間,1140;19時
フラグ,就寝時間,1380;23時
フラグ,起床時間,540;9時
フラグ,自宅位置,1170;廃洋館
フラグ,口調,2
;CSTR,仕事情報,
;CSTR,職場,
CSTR,10,～Nameless Midboss Angel～　●Race:Angel
フラグ,移動節度,-1

相性,1,80
相性,31,80
相性,59,30
相性,144,30
相性,152,120
相性,153,150