番号,163,
名前,Multi,
呼び名,Multi,
基礎,体力,2500
基礎,気力,2000
基礎,勃起,1500
基礎,精力,10000
基礎,法力,1000
基礎,ムード,1500
基礎,理性,1000
基礎,怒り,1000
基礎,仕事量,0
基礎,深度,2000
基礎,酒気,1500
素質,処女,1
素質,性別,1

素質,性的興味,1;好奇心
素質,態度,-1; Docile
素質,無関心,1;aphathethic
素質,陽気／陰気,-1;陽気
素質,貞操,1;virtuous
素質,倒錯的,1;perverted
素質,性別嗜好,-1;両刀
素質,中毒しやすい,1
素質,絶倫,1
素質,Ｃ感度,1; c sensitive
素質,バストサイズ,-1;small bewbs
素質,サド,1;sadist
素質,人形,2;ロボット

能力,清掃技能,1
能力,話術技能,0
能力,戦闘能力,3
能力,教養,4
能力,料理技能,0
能力,音楽技能,0
素質,伐採Lv,0
素質,釣りLv,0
素質,採集Lv,0
素質,調合Lv,0

能力,Ｃ感覚,2
能力,Ａ感覚,1
能力,Ｂ感覚,1
能力,欲望,2
能力,レズっ気,2
能力,サドっ気,3

フラグ,地位,1000;地位
フラグ,初期位置,99
フラグ,420,5;神社来訪率補正
フラグ,422,5;人里来訪率補正
フラグ,起床時間,420;7時
フラグ,来訪時間,540;9時
フラグ,帰宅時間,1080;18時
フラグ,就寝時間,1320;22時
フラグ,よく行く地域,0;shrine
;フラグ,移動率補正,
フラグ,移動節度,0
フラグ,口調,0
;相性,
;CSTR,仕事情報,
;CSTR,職場,
CSTR,10,～Hijack from the Outside World～　●Race:Android　●Ability:Being Useless

;フラグ,産休タイプ,