番号,166,
名前,Genji,
呼び名,Genji,
基礎,体力,2500
基礎,気力,1500
基礎,勃起,1500
基礎,精力,1300
基礎,法力,1000
基礎,ムード,1500
基礎,理性,1000
基礎,怒り,1000
基礎,仕事量,0
基礎,深度,2000
基礎,酒気,1500
素質,キス未経験,1
素質,性別,2

TALENT,妖怪,14
素質,体型,2
素質,態度,-1;素直
素質,応答,-1;大人しい
素質,自制心,1
素質,性的興味,-1;保守的
素質,貞操,1;貞操観念
素質,習得速度,1;習得早い
素質,汚臭耐性,1;汚臭鈍感
素質,献身的,1
素質,形状,5;warts

能力,清掃技能,0
能力,話術技能,3
能力,戦闘能力,2
能力,教養,2
能力,料理技能,0
能力,音楽技能,0
素質,伐採Lv,0
素質,釣りLv,0
素質,採集Lv,0
素質,調合Lv,1

能力,Ｃ感覚,2
能力,Ｍ感覚,1
能力,欲望,1
能力,奉仕精神,1



フラグ,地位,0;地位
フラグ,初期位置,57;開始位置
フラグ,来訪時間,540;9時
フラグ,帰宅時間,1200;20時
フラグ,起床時間,540;9時
フラグ,就寝時間,1200;20時
フラグ,自宅位置,40
;CSTR,仕事情報,
;CSTR,職場,
CSTR,10,●Race:Turtle　●Ability:Can fly in the air

フラグ,移動節度,-1

相性,1,200