NO,173,
NAME,博麗 先代,
CALLNAME,先代,
BASE,体力,3500
BASE,気力,3000
BASE,勃起,1500
BASE,精力,10000
BASE,法力,3000
BASE,10,1500
BASE,理性,1000
BASE,12,1000
BASE,13,0
BASE,深度,1000
BASE,酒気,2400
TALENT,処女,1
TALENT,性別,1
TALENT,24,1;開朗
TALENT,25,1
TALENT,快感応答,1;接受快感
TALENT,貞操,-1;不在乎貞操
TALENT,痛覚,-1;不怕痛
TALENT,体型,1;長身
TALENT,94,1
TALENT,144,1
TALENT,82,1
TALENT,Ｍ感度,-1;Ｍ鈍感
TALENT,Ｖ感度,-1;Ｖ鈍感
TALENT,酒耐性,1;擅于喝酒
TALENT,190,1
TALENT,性別嗜好,-1;兩面通吃
TALENT,追加種族,1;巫女

ABL,17,3
ABL,清掃技能,2
ABL,話術技能,1
ABL,42,6
ABL,43,3
ABL,料理技能,3
ABL,音楽技能,0
TALENT,伐採Lv,0
TALENT,47,0
TALENT,採集Lv,2
TALENT,調合Lv,0

EXP,1,50
EXP,22,50
EXP,51,100
CFLAG,基本服装セット,101;服装
CFLAG,地位,5000;地位
;信仰対象だし別に地位無駄に高くてもいいよね
CFLAG,初期位置,15;開始位置
CFLAG,神社在住,15
CFLAG,来訪時間,540;9時
CFLAG,帰宅時間,1140;19時
CFLAG,就寝時間,1380;22時
CFLAG,起床時間,360;5時
CFLAG,自宅位置,40
CFLAG,35,1
;CFLAG,大家候補,9
CFLAG,356,0
CFLAG,弾幕特能,387
CFLAG,産休タイプ,2；60日目から休む
RELATION,1,200;霊夢
RELATION,11,120;魔理沙
RELATION,26,180;紫
RELATION,43,80;華扇
RELATION,64,80;勇儀
RELATION,12,200;露米娅
CSTR,3,清掃神社　毎朝　6時～8時
CSTR,職場,境内周辺
CSTR,9,神社の居間
CSTR,10,～先代的巫女～　●種族：人類　●ABL：主要是用拳头将妖怪轰杀的程度的ABL
