番号,160,
名前,Morichika Rinnosuke,
呼び名,Rinnosuke,
基礎,体力,2700
基礎,気力,1300
基礎,勃起,1500
基礎,精力,1000
基礎,法力,1000
基礎,ムード,1500
基礎,理性,1000
基礎,怒り,1000
基礎,仕事量,0
基礎,深度,2000
基礎,酒気,1500
素質,性別,2

素質,人間,1;human
素質,妖怪,1;youkai

素質,自制心,1
素質,性的興味,1;好奇心
素質,一線越えない,1
素質,痛覚,-1;痛みに強い
素質,濡れやすさ,-1;濡れにくい
素質,Ｂ感度,-1
素質,形状,3;norm

能力,清掃技能,1
能力,話術技能,4
能力,戦闘能力,2
能力,教養,5
能力,料理技能,2
能力,音楽技能,0
素質,伐採Lv,0
素質,釣りLv,0
素質,採集Lv,0
素質,調合Lv,0

経験,緊縛経験,10
経験,キス経験,3
経験,異常経験,1



フラグ,地位,0;地位
フラグ,初期位置,502;開始位置
フラグ,来訪時間,540;9時
フラグ,帰宅時間,1200;20時
フラグ,起床時間,540;9時
フラグ,就寝時間,1200;20時
フラグ,よく行く地域,2
フラグ,自宅位置,510
CSTR,仕事情報,Selling things on weekdays 10:00～18:00
CSTR,職場,Kourindou
CSTR,10,～The Unmoving Used Goods Seller～　●Race:Half-youkai　●Ability:Knowing the name and utility of tools

フラグ,移動節度,-1