番号,164,
名前,Mimi-chan,
呼び名,Mimi,
基礎,体力,2500
基礎,気力,1500
基礎,勃起,1500
基礎,精力,10000
基礎,法力,1000
基礎,ムード,1500
基礎,理性,1000
基礎,怒り,1000
基礎,仕事量,0
基礎,深度,2000
基礎,酒気,1500
素質,処女,1
素質,キス未経験,1
素質,性別,3

素質,人形,6
素質,体型,5;yuge
素質,形状,6;long
素質,バストサイズ,-2;貧乳
素質,無知,1

能力,清掃技能,0
能力,話術技能,2
能力,戦闘能力,8
能力,教養,3
能力,料理技能,0
能力,音楽技能,0
素質,伐採Lv,0
素質,釣りLv,0
素質,採集Lv,0
素質,調合Lv,0

フラグ,基本服装セット,0;服装
フラグ,地位,0;地位
フラグ,初期位置,512;開始位置
フラグ,来訪時間,540;9時
フラグ,帰宅時間,1200;20時
フラグ,起床時間,540;9時
フラグ,就寝時間,1200;20時
フラグ,自宅位置,540;霧雨魔法店
;CSTR,仕事情報,
;CSTR,職場,
CSTR,10,～The Sentient Missile～　●Race:Intercontinental Ballistic Missile

フラグ,移動節度,-1