番号,165,
名前,Unzan,
呼び名,Unzan,
BASE,体力,3000
BASE,気力,2000
BASE,勃起,1500
BASE,精力,10000
BASE,法力,1000
BASE,ムード,1500
BASE,理性,1000
BASE,怒り,1000
BASE,仕事量,0
BASE,深度,2000
BASE,酒気,1500
TALENT,処女,1
TALENT,キス未経験,1
TALENT,性別,7

TALENT,付喪神,1;tsukumogami

TALENT,体型,2
TALENT,度胸,1;気丈
TALENT,自制心,1
TALENT,性的興味,-1;保守的
TALENT,貞操,1;貞操観念
TALENT,汚臭耐性,1;汚臭鈍感
TALENT,サド,1
TALENT,Ｃ感度,-1
TALENT,回復速度,1;回復早い
TALENT,USens,-1
TALENT,形状,3;norm
TALENT,NonSentient,1

ABL,清掃技能,0
ABL,話術技能,1
ABL,42,5
ABL,教養,1
ABL,料理技能,0
ABL,音楽技能,0
TALENT,伐採Lv,0
TALENT,釣りLv,0
TALENT,採集Lv,0
TALENT,調合Lv,0

ABL,Ｃ感覚,2
ABL,Ｍ感覚,1



フラグ,地位,0;地位
フラグ,初期位置,116;開始位置
フラグ,来訪時間,540;9時
フラグ,帰宅時間,1200;20時
フラグ,起床時間,540;9時
フラグ,就寝時間,1200;20時
フラグ,自宅位置,140;命蓮寺方丈
フラグ,よく行く地域,1
;CSTR,仕事情報,
;CSTR,職場,
CSTR,10,～The Big Wheel、 Having Guarded and Been Guarded～　●Race:Enlightened spirit　●Ability:Changing shape and size at will

フラグ,移動節度,-1