番号,174,
名前,Hijiri Myouren,
呼び名,Myouren,
基礎,体力,2500
基礎,気力,2200
基礎,勃起,1500
基礎,精力,1000
基礎,法力,1000
基礎,ムード,1500
基礎,理性,1000
基礎,怒り,1000
基礎,仕事量,0
基礎,深度,2000
基礎,酒気,1500
素質,処女,1
素質,キス未経験,1
素質,性別,2

素質,人間,1

素質,自制心,1
素質,度胸,1;気丈
素質,献身的,1
素質,貞操,1;貞操観念
素質,サド,1
素質,Ｃ感度,1
素質,Ａ感度,-1
素質,Ｂ感度,-1
素質,形状,2;smol

能力,清掃技能,0
能力,話術技能,3
能力,戦闘能力,3
能力,教養,4
能力,料理技能,1
能力,音楽技能,0
素質,伐採Lv,0
素質,釣りLv,0
素質,採集Lv,1
素質,調合Lv,0

能力,Ｃ感覚,1
能力,Ｂ感覚,1
能力,欲望,1
能力,奉仕精神,2
能力,腰,1
能力,精液中毒,1
能力,マゾっ気,1

経験,絶頂経験,10
経験,異常経験,2


フラグ,地位,0;地位
フラグ,初期位置,118;開始位置
フラグ,来訪時間,540;9時
フラグ,帰宅時間,1200;20時
フラグ,起床時間,540;9時
フラグ,就寝時間,1200;20時
フラグ,よく行く地域,1
フラグ,自宅位置,140;命蓮寺方丈
;CSTR,仕事情報,
;CSTR,職場,
CSTR,10,●Race:Human

フラグ,移動節度,-1
フラグ,出禁,2