番号,172,
名前,VIVIT,
呼び名,VIVIT,
基礎,体力,3000
基礎,気力,1300
基礎,勃起,1500
基礎,精力,10000
基礎,法力,1000
基礎,ムード,1500
基礎,理性,1000
基礎,怒り,1000
基礎,仕事量,0
基礎,深度,2000
基礎,酒気,1500
素質,処女,1
素質,キス未経験,1
素質,性別,1

素質,人形,2;ロボット

素質,態度,-1;素直
素質,性的興味,1;好奇心
素質,痛覚,-1;痛みに強い
素質,習得速度,1;習得早い
素質,濡れやすさ,-1;濡れにくい
素質,献身的,1
素質,快感応答,-1
素質,Ｃ感度,1
素質,Ｖ感度,1
素質,Ａ感度,1
素質,Ｂ感度,1
素質,Ｍ感度,1
素質,USens,1


能力,清掃技能,2
能力,話術技能,1
能力,戦闘能力,4
能力,教養,3
能力,料理技能,1
能力,音楽技能,0
素質,伐採Lv,0
素質,釣りLv,0
素質,採集Lv,0
素質,調合Lv,1

能力,Ｃ感覚,1

フラグ,地位,0;地位
フラグ,初期位置,99;開始位置
フラグ,来訪時間,540;9時
フラグ,帰宅時間,1200;20時
フラグ,起床時間,540;9時
フラグ,就寝時間,1200;20時
フラグ,自宅位置,0
;CSTR,仕事情報,
;CSTR,職場,
CSTR,10,～All-purpose Android～　●Race:Android

フラグ,移動節度,-1

相性,1,120;reimu
相性,11,120;marisa
相性,68,120;reimu