番号,181,
名前,Ayana,
呼び名,Ayana,
基礎,体力,1800
基礎,気力,1500
基礎,勃起,1500
基礎,精力,10000
基礎,法力,1000
基礎,ムード,1500
基礎,理性,1000
基礎,怒り,1000
基礎,仕事量,0
基礎,深度,2000
基礎,酒気,1500
素質,処女,1
素質,キス未経験,1
素質,性別,1

素質,妖怪,9;demon

;sadistic and horny
;like hina but red

能力,清掃技能,0
能力,話術技能,1
能力,戦闘能力,3
能力,教養,1
能力,料理技能,0
能力,音楽技能,0
素質,伐採Lv,0
素質,釣りLv,0
素質,採集Lv,0
素質,調合Lv,0



フラグ,基本服装セット,120;服装
フラグ,地位,400;地位
フラグ,初期位置,349;開始位置;EX
フラグ,来訪時間,570;9.5時
フラグ,帰宅時間,1140;19時
フラグ,就寝時間,1380;23時
フラグ,起床時間,540;9時
フラグ,よく行く地域,9
フラグ,自宅位置,330;廃洋館
フラグ,弾幕特能,130
フラグ,口調,2
;CSTR,仕事情報,
;CSTR,職場,
CSTR,10,～MS 5th Stage Midboss～　●Race:Demon

フラグ,移動節度,-1