番号,159,
名前,SinGyoku,
呼び名,SinGyoku,
基礎,体力,2500
基礎,気力,1500
基礎,勃起,1500
基礎,精力,1500
基礎,法力,1000
基礎,ムード,1500
基礎,理性,1000
基礎,怒り,1000
基礎,仕事量,0
基礎,深度,2000
基礎,酒気,1500
素質,処女,0
素質,キス未経験,0
素質,性別,11

素質,神霊,1;god

素質,応答,-1;大人しい
素質,自制心,1
素質,性的興味,-1;保守的
素質,性別嗜好,-1;両刀
素質,Ｃ感度,-1
素質,Ｂ感度,-1
素質,Ｖ感度,-1
素質,Ａ感度,1
素質,Ｍ感度,1
素質,回復速度,-1;回復遅い
素質,形状,3;norm

能力,清掃技能,2
能力,話術技能,4
能力,戦闘能力,3
能力,教養,2
能力,料理技能,1
能力,音楽技能,0
素質,伐採Lv,0
素質,釣りLv,0
素質,採集Lv,0
素質,調合Lv,1

能力,Ｃ感覚,1
能力,Ｖ感覚,2
能力,Ａ感覚,1
能力,欲望,1
能力,奉仕精神,1


フラグ,地位,5000;地位
フラグ,初期位置,58;開始位置
フラグ,来訪時間,540;9時
フラグ,帰宅時間,1200;20時
フラグ,起床時間,540;9時
フラグ,就寝時間,1200;20時
フラグ,自宅位置,40
フラグ,よく行く地域,0
;CSTR,仕事情報,
;CSTR,職場,
CSTR,10,～Gatekeeper～　●Race:God　●Ability:Can turn into multiple forms.

フラグ,移動節度,-1
相性,1,150; reimu