番号,175,
名前,Oota Jun'ya,
呼び名,ZUN,
基礎,体力,2500
基礎,気力,2200
基礎,勃起,1500
基礎,精力,1000
基礎,法力,1000
基礎,ムード,1500
基礎,理性,1000
基礎,怒り,1000
基礎,仕事量,0
基礎,深度,2000
基礎,酒気,1500
素質,処女,0
素質,非童貞,1
素質,キス未経験,0
素質,性別,2

素質,人間,6

素質,自制心,1
素質,献身的,1
素質,Ｃ感度,1
素質,陽気／陰気,1
素質,目立ちたがり,1
素質,プライド,-1
素質,貞操,-1
素質,謎の魅力,1
素質,体型,1
素質,バストサイズ,-2
素質,健啖,1
素質,禁断の知識,1
素質,人気,1

素質,形状,3;smol

能力,清掃技能,0
能力,話術技能,5
能力,戦闘能力,3
能力,教養,8
能力,料理技能,1
能力,音楽技能,8
素質,伐採Lv,0
素質,釣りLv,0
素質,採集Lv,0
素質,調合Lv,0

能力,Ｃ感覚,5
能力,欲望,1
能力,奉仕精神,2
能力,腰,1

経験,絶頂経験,10
経験,異常経験,2


フラグ,地位,0;地位
フラグ,初期位置,211;開始位置
フラグ,来訪時間,660;11am
フラグ,帰宅時間,180;3am
フラグ,起床時間,660;11am
フラグ,就寝時間,180;3am
フラグ,よく行く地域,0
フラグ,自宅位置,210;命蓮寺方丈
;CSTR,仕事情報,
;CSTR,職場,
CSTR,10,～Hakurei Kannushi～　●Race:Human

フラグ,移動節度,-1

相性,29,200
相性,1,300