番号,167,
名前,Konpaku Youki,
呼び名,Youki,
基礎,体力,2800
基礎,気力,1700
基礎,勃起,1500
基礎,精力,10000
基礎,法力,2000
基礎,ムード,1500
基礎,理性,1000
基礎,怒り,1000
基礎,仕事量,0
基礎,深度,2000
基礎,酒気,1500
素質,キス未経験,1
素質,性別,2

素質,人間,1
素質,幽霊,1

素質,自制心,1
素質,性的興味,-1;保守的
素質,貞操,1;貞操観念
素質,痛覚,-1;痛みに強い
素質,Ｃ感度,1
素質,Ａ感度,-1
素質,Ｂ感度,-1
素質,習得速度,1;習得早い
素質,形状,3;norm

能力,清掃技能,0
能力,話術技能,2
能力,戦闘能力,4
能力,教養,3
能力,料理技能,3
能力,音楽技能,0
素質,伐採Lv,0
素質,釣りLv,0
素質,採集Lv,0
素質,調合Lv,0

能力,Ｃ感覚,2
能力,Ｂ感覚,1
能力,欲望,1
能力,奉仕精神,2
能力,サドっ気,1
能力,Melee,6;extra

経験,異常経験,2



フラグ,地位,0;地位
フラグ,初期位置,624;開始位置
フラグ,来訪時間,540;9時
フラグ,帰宅時間,1200;20時
フラグ,起床時間,540;9時
フラグ,就寝時間,1200;20時
フラグ,よく行く地域,2
フラグ,自宅位置,660;白玉楼
;CSTR,仕事情報,
;CSTR,職場,
CSTR,10,●Race:Phantom

相性,15,130;咲夜
相性,26,150;紫
相性,52,130;鈴仙
相性,23,300;youmu