;note - if there's big tiddies (巨乳), setting up huge (爆) in chara_data will not override the former, they're additive!!!!!!!
;always add effects to alt faces!!! for effects, 裸 is a prefix before 巨乳!

Sakuya_Knife,15_knoife.webp,0,0,400,500

;------------------------------------------------------------
;1_Reimu huge boobs from the older version
;------------------------------------------------------------
顔絵_服_爆乳拆分_1,1_爆.webp,0,0,180,180
顔絵_裸_爆乳拆分_1,1_爆.webp,0,180,180,180

;BLESSED HINAFACE
;------------------------------------------------------------
;79_Hina
;------------------------------------------------------------
顔絵_服_Smug_79,79_face.webp,0,0,180,180
顔絵_服_HINA_79,79_face.webp,180,0,180,180
顔絵_服_POG_79,79_face.webp,360,0,180,180
顔絵_裸_Smug_79,79_face.webp,540,0,180,180
顔絵_裸_HINA_79,79_face.webp,720,0,180,180
顔絵_裸_POG_79,79_face.webp,900,0,180,180

顔絵_巨乳服_Smug_79,79_face.webp,0,180,180,180
顔絵_巨乳服_HINA_79,79_face.webp,180,180,180,180
顔絵_巨乳服_POG_79,79_face.webp,360,180,180,180
顔絵_巨乳裸_Smug_79,79_face.webp,540,180,180,180
顔絵_巨乳裸_HINA_79,79_face.webp,720,180,180,180
顔絵_巨乳裸_POG_79,79_face.webp,900,180,180,180

;smug ZUN satori, included unused bonus face
;------------------------------------------------------------
;49_Satori
;------------------------------------------------------------
別顔_服_Smug_49,11点過ぎたお姉ちゃん.webp,0,0,180,180
別顔_裸_Smug_49,11点過ぎたお姉ちゃん.webp,0,180,180,180

;------------------------------------------------------------
;43_Kasen shrine maiden/miko outfit by D Koucha
;------------------------------------------------------------
;standing
;clothed
立ち絵_服_Miko_通常_43,43_miko.webp,0,0,180,180
立ち絵_服_Miko_笑顔_43,43_miko.webp,180,0,180,180
立ち絵_服_Miko_怒り_43,43_miko.webp,360,0,180,180
;naked
立ち絵_裸_Miko_通常_43,43_miko.webp,0,180,180,180
立ち絵_裸_Miko_笑顔_43,43_miko.webp,180,180,180,180
立ち絵_裸_Miko_怒り_43,43_miko.webp,360,180,180,180

;face
顔絵_服_Miko_通常_43,43_miko_face.webp,0,0,180,180
顔絵_服_Miko_笑顔_43,43_miko_face.webp,180,0,180,180
顔絵_服_Miko_怒り_43,43_miko_face.webp,360,0,180,180
顔絵_服_Miko_発情_43,43_miko_face.webp,900,0,180,180
顔絵_服_Miko_MGMG_43,43_miko_face.webp,720,360,180,180
顔絵_服_Miko_BEANED_43,43_miko_face.webp,900,360,180,180

顔絵_裸_Miko_通常_43,43_miko_face.webp,0,180,180,180
顔絵_裸_Miko_笑顔_43,43_miko_face.webp,180,180,180,180
顔絵_裸_Miko_怒り_43,43_miko_face.webp,360,180,180,180
顔絵_裸_Miko_発情_43,43_miko_face.webp,900,180,180,180
顔絵_裸_Miko_愛撫_43,43_miko_face.webp,0,360,180,180
顔絵_裸_Miko_性交_43,43_miko_face.webp,180,360,180,180

;booba failsafe (same pics)
顔絵_巨乳服_Miko_通常_43,43_miko_face.webp,0,0,180,180
顔絵_巨乳服_Miko_笑顔_43,43_miko_face.webp,180,0,180,180
顔絵_巨乳服_Miko_怒り_43,43_miko_face.webp,360,0,180,180
顔絵_巨乳服_Miko_発情_43,43_miko_face.webp,900,0,180,180
顔絵_巨乳服_Miko_MGMG_43,43_miko_face.webp,720,360,180,180
顔絵_巨乳服_Miko_BEANED_43,43_miko_face.webp,900,360,180,180

顔絵_巨乳裸_Miko_通常_43,43_miko_face.webp,0,180,180,180
顔絵_巨乳裸_Miko_笑顔_43,43_miko_face.webp,180,180,180,180
顔絵_巨乳裸_Miko_怒り_43,43_miko_face.webp,360,180,180,180
顔絵_巨乳裸_Miko_発情_43,43_miko_face.webp,900,180,180,180
顔絵_巨乳裸_Miko_愛撫_43,43_miko_face.webp,0,360,180,180
顔絵_巨乳裸_Miko_性交_43,43_miko_face.webp,180,360,180,180
;masturbation
顔絵_裸_Miko_オナニー_43,43_miko_face.webp,720,180,180,180
顔絵_巨乳裸_Miko_オナニー_43,43_miko_face.webp,720,180,180,180
顔絵_裸_オナニー_43_Miko,43_miko_face.webp,720,180,180,180
顔絵_巨乳裸_オナニー_43_Miko,43_miko_face.webp,720,180,180,180

;effects
顔絵_Miko_照れ_43,43_miko_face.webp,540,0,180,180
顔絵_Miko_吐息_43,43_miko_face.webp,360,360,180,180
顔絵_Miko_汗_43,43_miko_face.webp,540,360,180,180
顔絵_Miko_母乳_43,43_miko_face.webp,540,180,180,180

;remi village version
;------------------------------------------------------------
;16_Remilia
;------------------------------------------------------------
;standing
;差分
立ち絵_服_通常_16_人里,16_Village.webp,0,0,180,180
立ち絵_服_笑顔_16_人里,16_Village.webp,180,0,180,180
立ち絵_服_怒り_16_人里,16_Village.webp,360,0,180,180
立ち絵_裸_通常_16_人里,16_Village.webp,0,180,180,180
立ち絵_裸_笑顔_16_人里,16_Village.webp,180,180,180,180
立ち絵_裸_怒り_16_人里,16_Village.webp,360,180,180,180

;portrait
顔絵_服_通常_16_人里,16_顔_Village.webp,0,0,180,180
顔絵_服_笑顔_16_人里,16_顔_Village.webp,180,0,180,180
顔絵_服_怒り_16_人里,16_顔_Village.webp,360,0,180,180
顔絵_裸_通常_16_人里,16_顔_Village.webp,0,180,180,180
顔絵_裸_笑顔_16_人里,16_顔_Village.webp,180,180,180,180
顔絵_裸_怒り_16_人里,16_顔_Village.webp,360,180,180,180
顔絵_裸_愛撫_16_人里,16_顔_Village.webp,0,360,180,180
顔絵_裸_性交_16_人里,16_顔_Village.webp,180,360,180,180
顔絵_服_Wink_16_人里,16_顔_Village.webp,0,540,180,180
顔絵_裸_Wink_16_人里,16_顔_Village.webp,180,540,180,180
顔絵_照れ_16_人里,16_顔_Village.webp,540,0,180,180
顔絵_吐息_16_人里,16_顔_Village.webp,360,360,180,180
顔絵_汗_16_人里,16_顔_Village.webp,540,360,180,180

;additional sprite edits by Just Slime
;------------------------------------------------------------
;15_Sakuya
;------------------------------------------------------------
;long hair alt
;clothed
別顔3_服_通常_15,15_alt.webp,0,0,180,180
別顔3_服_笑顔_15,15_alt.webp,180,0,180,180
別顔3_服_怒り_15,15_alt.webp,360,0,180,180
別顔3_服_発情_15,15_alt.webp,900,0,180,180
;nude
別顔3_裸_通常_15,15_alt.webp,0,180,180,180
別顔3_裸_笑顔_15,15_alt.webp,180,180,180,180
別顔3_裸_怒り_15,15_alt.webp,360,180,180,180
別顔3_裸_発情_15,15_alt.webp,900,180,180,180
別顔3_裸_オナニー_15,15_alt.webp,720,180,180,180
別顔3_裸_愛撫_15,15_alt.webp,0,360,180,180
別顔3_裸_性交_15,15_alt.webp,180,360,180,180
;effects
別顔3_照れ_15,15_alt.webp,540,0,180,180
別顔3_吐息_15,15_alt.webp,360,360,180,180
別顔3_汗_15,15_alt.webp,540,360,180,180

;booba
別顔3_服_巨乳拆分_15,15_alt_big.webp,0,0,180,180
別顔3_裸_巨乳拆分_15,15_alt_big.webp,0,180,180,180
別顔3_服_怒り_巨乳拆分_15,15_alt_big.webp,0,360,180,180
別顔3_裸_怒り_巨乳拆分_15,15_alt_big.webp,0,540,180,180
別顔3_裸_オナニー_巨乳拆分_15,15_alt_big.webp,0,720,180,180

;------------------------------------------------------------
;23_Youmu
;------------------------------------------------------------
;long hair alt
;clothed
別顔3_服_通常_23,23_alt.webp,0,0,180,180
別顔3_服_笑顔_23,23_alt.webp,180,0,180,180
別顔3_服_怒り_23,23_alt.webp,360,0,180,180
別顔3_服_発情_23,23_alt.webp,900,0,180,180
;nude
別顔3_裸_通常_23,23_alt.webp,0,180,180,180
別顔3_裸_笑顔_23,23_alt.webp,180,180,180,180
別顔3_裸_怒り_23,23_alt.webp,360,180,180,180
別顔3_裸_発情_23,23_alt.webp,900,180,180,180
別顔3_裸_オナニー_23,23_alt.webp,720,180,180,180
別顔3_裸_愛撫_23,23_alt.webp,0,360,180,180
別顔3_裸_性交_23,23_alt.webp,180,360,180,180

;------------------------------------------------------------
;24_Chen
;------------------------------------------------------------
;alt
;clothed
別顔_服_通常_24,24_alt.webp,0,0,180,180
別顔_服_笑顔_24,24_alt.webp,180,0,180,180
別顔_服_怒り_24,24_alt.webp,360,0,180,180
別顔_服_発情_24,24_alt.webp,900,0,180,180
;nude
別顔_裸_通常_24,24_alt.webp,0,180,180,180
別顔_裸_笑顔_24,24_alt.webp,180,180,180,180
別顔_裸_怒り_24,24_alt.webp,360,180,180,180
別顔_裸_発情_24,24_alt.webp,900,180,180,180
別顔_裸_オナニー_24,24_alt.webp,720,180,180,180
別顔_裸_愛撫_24,24_alt.webp,0,360,180,180
別顔_裸_性交_24,24_alt.webp,180,360,180,180
;effects
別顔_照れ_24,24_alt.webp,540,0,180,180
別顔_裸照れ_24,24_alt.webp,540,180,180,180
別顔_裸吐息_24,24_alt.webp,360,360,180,180
別顔_裸汗_24,24_alt.webp,540,360,180,180

;------------------------------------------------------------
;39_Nazrin
;------------------------------------------------------------
;alt
;clothed
別顔_服_通常_39,39_alt.webp,0,0,180,180
別顔_服_笑顔_39,39_alt.webp,180,0,180,180
別顔_服_怒り_39,39_alt.webp,360,0,180,180
別顔_服_発情_39,39_alt.webp,900,0,180,180
;nude
別顔_裸_通常_39,39_alt.webp,0,180,180,180
別顔_裸_笑顔_39,39_alt.webp,180,180,180,180
別顔_裸_怒り_39,39_alt.webp,360,180,180,180
別顔_裸_発情_39,39_alt.webp,900,180,180,180
別顔_裸_オナニー_39,39_alt.webp,720,180,180,180
別顔_裸_愛撫_39,39_alt.webp,0,360,180,180
別顔_裸_性交_39,39_alt.webp,180,360,180,180
;effects
別顔_照れ_39,39_alt.webp,540,0,180,180
別顔_裸照れ_39,39_alt.webp,540,180,180,180
別顔_吐息_39,39_alt.webp,360,360,180,180
別顔_汗_39,39_alt.webp,540,360,180,180
別顔_ぶっかけ_39,39_alt.webp,720,360,180,180
別顔_お口_39,39_alt.webp,900,360,180,180

;------------------------------------------------------------
;53_Tewi
;------------------------------------------------------------
;alt
;clothed
別顔2_服_通常_53,53_alt.webp,0,0,180,180
別顔2_服_笑顔_53,53_alt.webp,180,0,180,180
別顔2_服_怒り_53,53_alt.webp,360,0,180,180
別顔2_服_発情_53,53_alt.webp,900,0,180,180
;nude
別顔2_裸_通常_53,53_alt.webp,0,180,180,180
別顔2_裸_笑顔_53,53_alt.webp,180,180,180,180
別顔2_裸_怒り_53,53_alt.webp,360,180,180,180
別顔2_裸_発情_53,53_alt.webp,900,180,180,180
別顔2_裸_オナニー_53,53_alt.webp,720,180,180,180
別顔2_裸_愛撫_53,53_alt.webp,0,360,180,180
別顔2_裸_性交_53,53_alt.webp,180,360,180,180
;effects
別顔2_照れ_53,53_alt.webp,540,0,180,180
別顔2_吐息_53,53_alt.webp,360,360,180,180
別顔2_汗_53,53_alt.webp,540,360,180,180

;booba
;clothed
別顔2_巨乳服_通常_53,53_huge_alt.webp,0,0,180,180
別顔2_巨乳服_笑顔_53,53_huge_alt.webp,180,0,180,180
別顔2_巨乳服_怒り_53,53_huge_alt.webp,360,0,180,180
別顔2_巨乳服_発情_53,53_huge_alt.webp,900,0,180,180
;nude
別顔2_巨乳裸_通常_53,53_huge_alt.webp,0,180,180,180
別顔2_巨乳裸_笑顔_53,53_huge_alt.webp,180,180,180,180
別顔2_巨乳裸_怒り_53,53_huge_alt.webp,360,180,180,180
別顔2_巨乳裸_発情_53,53_huge_alt.webp,900,180,180,180
別顔2_巨乳裸_オナニー_53,53_huge_alt.webp,720,180,180,180
別顔2_巨乳裸_愛撫_53,53_huge_alt.webp,0,360,180,180
別顔2_巨乳裸_性交_53,53_huge_alt.webp,180,360,180,180

;------------------------------------------------------------
;65_Momiji
;------------------------------------------------------------
;alternate hairstyle
;clothed
別顔2_服_通常_65,65_hair_normal.webp,0,0,180,180
別顔2_服_笑顔_65,65_hair_normal.webp,180,0,180,180
別顔2_服_怒り_65,65_hair_normal.webp,360,0,180,180
別顔2_服_発情_65,65_hair_normal.webp,900,0,180,180
;nude
別顔2_裸_通常_65,65_hair_normal.webp,0,180,180,180
別顔2_裸_笑顔_65,65_hair_normal.webp,180,180,180,180
別顔2_裸_怒り_65,65_hair_normal.webp,360,180,180,180
別顔2_裸_発情_65,65_hair_normal.webp,900,180,180,180
別顔2_裸_オナニー_65,65_hair_normal.webp,720,180,180,180
別顔2_裸_愛撫_65,65_hair_normal.webp,0,360,180,180
別顔2_裸_性交_65,65_hair_normal.webp,180,360,180,180
;booba
別顔2_Big服_通常_65,65_hair_big.webp,0,0,180,180
別顔2_Big服_笑顔_65,65_hair_big.webp,180,0,180,180
別顔2_Big服_怒り_65,65_hair_big.webp,360,0,180,180
別顔2_Big服_発情_65,65_hair_big.webp,900,0,180,180
別顔2_Big裸_通常_65,65_hair_big.webp,0,180,180,180
別顔2_Big裸_笑顔_65,65_hair_big.webp,180,180,180,180
別顔2_Big裸_怒り_65,65_hair_big.webp,360,180,180,180
別顔2_Big裸_発情_65,65_hair_big.webp,900,180,180,180
別顔2_Big裸_オナニー_65,65_hair_big.webp,720,180,180,180
別顔2_Big裸_愛撫_65,65_hair_big.webp,0,360,180,180
別顔2_Big裸_性交_65,65_hair_big.webp,180,360,180,180
;bigger booba!!!
別顔2_巨乳服_通常_65,65_hair_big_alt.webp,0,0,180,180
別顔2_巨乳服_笑顔_65,65_hair_big_alt.webp,180,0,180,180
別顔2_巨乳服_怒り_65,65_hair_big_alt.webp,360,0,180,180
別顔2_巨乳服_発情_65,65_hair_big_alt.webp,900,0,180,180
別顔2_巨乳裸_通常_65,65_hair_big_alt.webp,0,180,180,180
別顔2_巨乳裸_笑顔_65,65_hair_big_alt.webp,180,180,180,180
別顔2_巨乳裸_怒り_65,65_hair_big_alt.webp,360,180,180,180
別顔2_巨乳裸_発情_65,65_hair_big_alt.webp,900,180,180,180
別顔2_巨乳裸_オナニー_65,65_hair_big_alt.webp,720,180,180,180
別顔2_巨乳裸_愛撫_65,65_hair_big_alt.webp,0,360,180,180
別顔2_巨乳裸_性交_65,65_hair_big_alt.webp,180,360,180,180
;effects
別顔2_照れ_65,65_hair_normal.webp,540,0,180,180
別顔2_吐息_65,65_hair_normal.webp,360,360,180,180
別顔2_汗_65,65_hair_normal.webp,540,360,180,180
別顔2_巨乳照れ_65,65_hair_normal.webp,540,0,180,180
別顔2_裸巨乳照れ_65,65_hair_normal.webp,540,0,180,180
別顔2_巨乳吐息_65,65_hair_normal.webp,360,360,180,180
別顔2_巨乳汗_65,65_hair_normal.webp,540,360,180,180
別顔2_Big照れ_65,65_hair_normal.webp,540,0,180,180
別顔2_裸Big照れ_65,65_hair_normal.webp,540,0,180,180
別顔2_Big吐息_65,65_hair_normal.webp,360,360,180,180
別顔2_Big汗_65,65_hair_normal.webp,540,360,180,180

;------------------------------------------------------------
;68_Yuuka
;------------------------------------------------------------
;alt
;clothed
別顔2_服_通常_68,68_alt.webp,0,0,180,180
別顔2_服_笑顔_68,68_alt.webp,180,0,180,180
別顔2_服_怒り_68,68_alt.webp,360,0,180,180
別顔2_服_発情_68,68_alt.webp,900,0,180,180
;nude
別顔2_裸_通常_68,68_alt.webp,0,180,180,180
別顔2_裸_笑顔_68,68_alt.webp,180,180,180,180
別顔2_裸_怒り_68,68_alt.webp,360,180,180,180
別顔2_裸_発情_68,68_alt.webp,900,180,180,180
別顔2_裸_オナニー_68,68_alt.webp,720,180,180,180
別顔2_裸_愛撫_68,68_alt.webp,0,540,180,180
別顔2_裸_性交_68,68_alt.webp,180,540,180,180
;special
別顔2_服_パジャマ_通常_68,68_alt.webp,0,360,180,180
別顔2_服_パジャマ_笑顔_68,68_alt.webp,180,360,180,180
別顔2_服_パジャマ_怒り_68,68_alt.webp,360,360,180,180
別顔2_服_パジャマ_発情_68,68_alt.webp,900,360,180,180
;effects
別顔2_照れ_68,68_alt.webp,540,0,180,180
別顔2_吐息_68,68_alt.webp,360,540,180,180
別顔2_汗_68,68_alt.webp,540,540,180,180

;------------------------------------------------------------
;69_Mamizou
;------------------------------------------------------------
;long hair alt
;clothed
別顔_服_通常_69,69_alt.webp,0,0,180,180
別顔_服_笑顔_69,69_alt.webp,180,0,180,180
別顔_服_怒り_69,69_alt.webp,360,0,180,180
別顔_服_発情_69,69_alt.webp,900,0,180,180
;nude
別顔_裸_通常_69,69_alt.webp,0,180,180,180
別顔_裸_笑顔_69,69_alt.webp,180,180,180,180
別顔_裸_怒り_69,69_alt.webp,360,180,180,180
別顔_裸_発情_69,69_alt.webp,900,180,180,180
別顔_裸_オナニー_69,69_alt.webp,720,180,180,180
別顔_裸_愛撫_69,69_alt.webp,0,360,180,180
別顔_裸_性交_69,69_alt.webp,180,360,180,180
;effect
別顔_照れ_69,69_alt.webp,540,180,180,180
別顔_吐息_69,69_alt.webp,360,360,180,180
別顔_汗_69,69_alt.webp,540,360,180,180
別顔_裸照れ_69,69_alt.webp,540,0,180,180

;------------------------------------------------------------
;72_Eirin
;------------------------------------------------------------
;alt Hair down
顔絵_裸_通常_72_Hair,72_hair.webp,0,180,180,180
顔絵_裸_笑顔_72_Hair,72_hair.webp,180,180,180,180
顔絵_裸_怒り_72_Hair,72_hair.webp,360,180,180,180
顔絵_裸_発情_72_Hair,72_hair.webp,900,180,180,180
顔絵_裸_オナニー_72_Hair,72_hair.webp,720,180,180,180
顔絵_裸_愛撫_72_Hair,72_hair.webp,0,360,180,180
顔絵_裸_性交_72_Hair,72_hair.webp,180,360,180,180
;effects
顔絵_照れ_72_Hair,72_hair.webp,540,0,180,180
顔絵_吐息_72_Hair,72_hair.webp,360,360,180,180
顔絵_汗_72_Hair,72_hair.webp,540,360,180,180

;------------------------------------------------------------
;88_Kyouko
;------------------------------------------------------------
;alt smoother hair

;clothed
別顔_服_通常_88,88_alt.webp,0,0,180,180
別顔_服_笑顔_88,88_alt.webp,180,0,180,180
別顔_服_怒り_88,88_alt.webp,360,0,180,180
別顔_服_発情_88,88_alt.webp,900,0,180,180
;nude
別顔_裸_通常_88,88_alt.webp,0,180,180,180
別顔_裸_笑顔_88,88_alt.webp,180,180,180,180
別顔_裸_怒り_88,88_alt.webp,360,180,180,180
別顔_裸_発情_88,88_alt.webp,900,180,180,180
別顔_裸_オナニー_88,88_alt.webp,720,180,180,180
別顔_裸_愛撫_88,88_alt.webp,0,540,180,180
別顔_裸_性交_88,88_alt.webp,180,540,180,180
;special
別顔_服_ライブ_通常_88,88_alt.webp,0,360,180,180
別顔_服_ライブ_笑顔_88,88_alt.webp,180,360,180,180
別顔_服_ライブ_怒り_88,88_alt.webp,360,360,180,180
;effects
別顔_照れ_88,88_alt.webp,540,0,180,180
別顔_吐息_88,88_alt.webp,360,540,180,180
別顔_汗_88,88_alt.webp,540,540,180,180
別顔_お口_88,88_alt.webp,900,540,180,180
別顔_ぶっかけ_88,88_alt.webp,720,540,180,180

;------------------------------------------------------------
;109_Doremy
;------------------------------------------------------------
;alt free hair
;clothed
別顔3_服_通常_109,109_alt.webp,0,0,180,180
別顔3_服_笑顔_109,109_alt.webp,180,0,180,180
別顔3_服_怒り_109,109_alt.webp,360,0,180,180
別顔3_服_睡眠_109,109_alt.webp,720,0,180,180
別顔3_服_発情_109,109_alt.webp,900,0,180,180
;nude
別顔3_裸_通常_109,109_alt.webp,0,180,180,180
別顔3_裸_笑顔_109,109_alt.webp,180,180,180,180
別顔3_裸_怒り_109,109_alt.webp,360,180,180,180
別顔3_裸_睡眠_109,109_alt.webp,720,180,180,180
別顔3_裸_発情_109,109_alt.webp,900,180,180,180
別顔3_裸_オナニー_109,109_alt.webp,540,180,180,180
別顔3_裸_愛撫_109,109_alt.webp,0,360,180,180
別顔3_裸_性交_109,109_alt.webp,180,360,180,180
;effect
別顔3_照れ_109,109_alt.webp,540,0,180,180
別顔3_吐息_109,109_alt.webp,360,360,180,180
別顔3_汗_109,109_alt.webp,540,360,180,180

;------------------------------------------------------------
;Shanghai
;------------------------------------------------------------
;Regular
顔絵_服_Expr1_MOB_35,Shanghai.webp,0,0,270,270
顔絵_服_Expr2_MOB_35,Shanghai.webp,270,0,270,270
顔絵_服_Expr3_MOB_35,Shanghai.webp,540,0,270,270
顔絵_服_Expr4_MOB_35,Shanghai.webp,810,0,270,270
顔絵_服_Expr5_MOB_35,Shanghai.webp,1080,0,270,270
顔絵_服_Expr1_A_MOB_35,Shanghai.webp,0,270,270,270
顔絵_服_Expr2_A_MOB_35,Shanghai.webp,270,270,270,270
顔絵_服_Expr3_A_MOB_35,Shanghai.webp,540,270,270,270
顔絵_服_Expr4_A_MOB_35,Shanghai.webp,810,270,270,270
顔絵_服_Expr5_A_MOB_35,Shanghai.webp,1080,270,270,270
顔絵_服_Expr1_B_MOB_35,Shanghai.webp,0,0,270,270
顔絵_服_Expr2_B_MOB_35,Shanghai.webp,270,540,270,270
顔絵_服_Expr3_B_MOB_35,Shanghai.webp,540,540,270,270
顔絵_服_Expr4_B_MOB_35,Shanghai.webp,810,540,270,270
顔絵_服_Expr5_B_MOB_35,Shanghai.webp,1080,540,270,270
;Extra
顔絵_服_Expr1_Ex_MOB_35,Shanghai_Extra.webp,0,0,270,270
顔絵_服_Expr2_Ex_MOB_35,Shanghai_Extra.webp,270,0,270,270
顔絵_服_Expr3_Ex_MOB_35,Shanghai_Extra.webp,540,0,270,270
顔絵_服_Expr4_Ex_MOB_35,Shanghai_Extra.webp,810,0,270,270
顔絵_服_Expr5_Ex_MOB_35,Shanghai_Extra.webp,1080,0,270,270
顔絵_服_Expr6_Ex_MOB_35,Shanghai_Extra.webp,0,270,270,270
顔絵_服_Expr7_Ex_MOB_35,Shanghai_Extra.webp,270,270,270,270
顔絵_服_Expr8_Ex_MOB_35,Shanghai_Extra.webp,540,270,270,270